ID,UMAP 1,UMAP 2,Leiden Cluster,Truth,Model,Assigned Leiden,Ward Cluster,Assigned Ward
abaumannii_gi1,9.7334175,1.0268363,1,WzyC,True,WzyC,3,WzyC
abaumannii_kl100,2.166123,14.631768,2,WzyA,True,WzyA,1,WzyA
abaumannii_kl101,13.350744,0.0010038239,1,WzyC,True,WzyC,3,WzyC
abaumannii_kl102,-9.864415,-1.0915668,3,WzyB,True,WzyB,2,WzyB
abaumannii_kl103,16.391788,2.25312,1,WzyC,True,WzyC,3,WzyC
abaumannii_kl104,16.178265,2.4054081,1,WzyC,True,WzyC,3,WzyC
abaumannii_kl105,3.8908248,13.593384,2,WzyA,True,WzyA,1,WzyA
abaumannii_kl106,3.8403797,14.933645,2,WzyA,True,WzyA,1,WzyA
abaumannii_kl107,13.247289,2.3229046,1,WzyC,True,WzyC,3,WzyC
abaumannii_kl108,16.154789,-0.8652512,1,WzyC,True,WzyC,3,WzyC
abaumannii_kl109,7.1940584,15.379232,2,WzyA,True,WzyA,1,WzyA
abaumannii_kl10,15.194962,1.9555242,1,WzyC,True,WzyC,3,WzyC
abaumannii_kl110,-6.8382277,-2.1838243,3,WzyB,True,WzyB,2,WzyB
abaumannii_kl111,2.7691545,11.742748,2,WzyA,True,WzyA,1,WzyA
abaumannii_kl112,3.2922766,14.947772,2,WzyA,True,WzyA,1,WzyA
abaumannii_kl113,12.145795,0.6742739,1,WzyC,True,WzyC,3,WzyC
abaumannii_kl114,0.40229195,12.659801,2,WzyA,True,WzyA,1,WzyA
abaumannii_kl115,6.2574935,9.164488,2,WzyA,True,WzyA,1,WzyA
abaumannii_kl116,2.6385226,13.020738,2,WzyA,True,WzyA,1,WzyA
abaumannii_kl117,4.4193363,11.616438,2,WzyA,True,WzyA,1,WzyA
abaumannii_kl118,15.63459,0.42496026,1,WzyC,True,WzyC,3,WzyC
abaumannii_kl119,2.4119332,15.375572,2,WzyA,True,WzyA,1,WzyA
abaumannii_kl11,0.25404575,12.8628845,2,WzyA,True,WzyA,1,WzyA
abaumannii_kl120,4.293379,14.528898,2,WzyA,True,WzyA,1,WzyA
abaumannii_kl121,4.687769,14.352007,2,WzyA,True,WzyA,1,WzyA
abaumannii_kl122,1.7196054,15.714415,2,WzyA,True,WzyA,1,WzyA
abaumannii_kl123,2.0749784,15.479218,2,WzyA,True,WzyA,1,WzyA
abaumannii_kl124,15.822347,2.57293,1,WzyC,True,WzyC,3,WzyC
abaumannii_kl125,-6.659485,-2.45381,3,WzyB,True,WzyB,2,WzyB
abaumannii_kl126,9.792778,0.5841101,1,WzyC,True,WzyC,3,WzyC
abaumannii_kl127,4.077827,11.899317,2,WzyA,True,WzyA,1,WzyA
abaumannii_kl128,3.209945,12.257702,2,WzyA,True,WzyA,1,WzyA
abaumannii_kl129,3.7575924,14.753827,2,WzyA,True,WzyA,1,WzyA
abaumannii_kl12,-6.5222216,-1.972849,3,WzyB,True,WzyB,2,WzyB
abaumannii_kl130,3.1562586,12.048927,2,WzyA,True,WzyA,1,WzyA
abaumannii_kl131,11.031851,0.20162252,1,WzyC,True,WzyC,3,WzyC
abaumannii_kl132,16.305725,2.2904418,1,WzyC,True,WzyC,3,WzyC
abaumannii_kl133,15.183488,2.0017736,1,WzyC,True,WzyC,3,WzyC
abaumannii_kl134-1,-9.997768,-1.2682647,3,WzyB,True,WzyB,2,WzyB
abaumannii_kl134-2,11.699349,0.24689728,1,WzyC,True,WzyC,3,WzyC
abaumannii_kl135,1.6443514,15.756242,2,WzyA,True,WzyA,1,WzyA
abaumannii_kl136,-5.2585683,-1.9120647,3,WzyB,True,WzyB,2,WzyB
abaumannii_kl137,-4.6964564,-2.6093285,3,WzyB,True,WzyB,2,WzyB
abaumannii_kl138,1.5535216,14.880936,2,WzyA,True,WzyA,1,WzyA
abaumannii_kl139,-9.378678,-1.7308831,3,WzyB,True,WzyB,2,WzyB
abaumannii_kl13,-1.4984282,0.04986289,3,WzyB,True,WzyB,2,WzyB
abaumannii_kl140,9.641789,2.6223855,1,WzyC,True,WzyC,3,WzyC
abaumannii_kl141,0.5176699,14.00828,2,WzyA,True,WzyA,1,WzyA
abaumannii_kl142,1.4531733,15.853951,2,WzyA,True,WzyA,1,WzyA
abaumannii_kl143,3.9992075,14.602836,2,WzyA,True,WzyA,1,WzyA
abaumannii_kl144,2.1751957,14.592044,2,WzyA,True,WzyA,1,WzyA
abaumannii_kl145,12.066639,3.4250224,1,WzyC,True,WzyC,3,WzyC
abaumannii_kl146,-6.818351,-2.388911,3,WzyB,True,WzyB,2,WzyB
abaumannii_kl147,-6.537317,-2.5328596,3,WzyB,True,WzyB,2,WzyB
abaumannii_kl148,3.213859,12.926349,2,WzyA,True,WzyA,1,WzyA
abaumannii_kl149,7.1396213,15.335805,2,WzyA,True,WzyA,1,WzyA
abaumannii_kl14,-9.573324,-1.6677417,3,WzyB,True,WzyB,2,WzyB
abaumannii_kl150,11.080839,0.11991485,1,WzyC,True,WzyC,3,WzyC
abaumannii_kl151,15.30357,1.7907684,1,WzyC,True,WzyC,3,WzyC
abaumannii_kl152,15.307896,1.8864996,1,WzyC,True,WzyC,3,WzyC
abaumannii_kl153,14.783848,-0.11789851,1,WzyC,True,WzyC,3,WzyC
abaumannii_kl154,-7.9908624,-1.0083991,3,WzyB,True,WzyB,2,WzyB
abaumannii_kl155,9.97337,0.28849024,1,WzyC,True,WzyC,3,WzyC
abaumannii_kl156,11.7319,0.23061948,1,WzyC,True,WzyC,3,WzyC
abaumannii_kl157,-5.518157,-1.758061,3,WzyB,True,WzyB,2,WzyB
abaumannii_kl158,-1.5101637,0.1475782,3,WzyB,True,WzyB,2,WzyB
abaumannii_kl159,4.114203,12.092048,2,WzyA,True,WzyA,1,WzyA
abaumannii_kl15,-6.5157657,-2.5368576,3,WzyB,True,WzyB,2,WzyB
abaumannii_kl160,3.2445834,15.0460005,2,WzyA,True,WzyA,1,WzyA
abaumannii_kl161,15.837009,0.5116505,1,WzyC,True,WzyC,3,WzyC
abaumannii_kl162,3.9561012,14.958569,2,WzyA,True,WzyA,1,WzyA
abaumannii_kl163,1.7664348,16.70909,2,WzyA,True,WzyA,1,WzyA
abaumannii_kl164,2.1816623,14.593619,2,WzyA,True,WzyA,1,WzyA
abaumannii_kl165,1.023495,16.62585,2,WzyA,True,WzyA,1,WzyA
abaumannii_kl166,7.104516,15.2994375,2,WzyA,True,WzyA,1,WzyA
abaumannii_kl167,13.336699,1.22595,1,WzyC,True,WzyC,3,WzyC
abaumannii_kl168,7.146098,15.341911,2,WzyA,True,WzyA,1,WzyA
abaumannii_kl169,2.6141226,14.891984,2,WzyA,True,WzyA,1,WzyA
abaumannii_kl16,12.788622,2.2511024,1,WzyC,True,WzyC,3,WzyC
abaumannii_kl170,1.6853118,16.462862,2,WzyA,True,WzyA,1,WzyA
abaumannii_kl171,11.945999,1.8896713,1,WzyC,True,WzyC,3,WzyC
abaumannii_kl172,-7.21638,-1.8643235,3,WzyB,True,WzyB,2,WzyB
abaumannii_kl173,7.127439,15.323935,2,WzyA,True,WzyA,1,WzyA
abaumannii_kl174,15.050135,1.8686794,1,WzyC,True,WzyC,3,WzyC
abaumannii_kl175,10.077516,0.20849866,1,WzyC,True,WzyC,3,WzyC
abaumannii_kl176,0.6753666,14.495893,2,WzyA,True,WzyA,1,WzyA
abaumannii_kl177,1.21188,16.480669,2,WzyA,True,WzyA,1,WzyA
abaumannii_kl178,2.3410742,15.427382,2,WzyA,True,WzyA,1,WzyA
abaumannii_kl179,-1.1115547,2.0178368,3,WzyB,True,WzyB,2,WzyB
abaumannii_kl17,-9.3902855,-1.9080381,3,WzyB,True,WzyB,2,WzyB
abaumannii_kl180,15.282024,1.9612714,1,WzyC,True,WzyC,3,WzyC
abaumannii_kl181,1.5482339,16.57486,2,WzyA,True,WzyA,1,WzyA
abaumannii_kl182,11.558725,3.0622923,1,WzyC,True,WzyC,3,WzyC
abaumannii_kl183,7.152271,15.344352,2,WzyA,True,WzyA,1,WzyA
abaumannii_kl184,-1.1950713,1.7019386,3,WzyB,True,WzyB,2,WzyB
abaumannii_kl185,16.119808,0.04262735,1,WzyC,True,WzyC,3,WzyC
abaumannii_kl186,4.3384,11.646522,2,WzyA,True,WzyA,1,WzyA
abaumannii_kl187,14.975334,1.4397191,1,WzyC,True,WzyC,3,WzyC
abaumannii_kl188,16.748919,1.016243,1,WzyC,True,WzyC,3,WzyC
abaumannii_kl189,1.1700827,16.394783,2,WzyA,True,WzyA,1,WzyA
abaumannii_kl18,-9.460498,-1.8617507,3,WzyB,True,WzyB,2,WzyB
abaumannii_kl190,16.321264,2.3281014,1,WzyC,True,WzyC,3,WzyC
abaumannii_kl191,-1.1042547,2.0287442,3,WzyB,True,WzyB,2,WzyB
abaumannii_kl192,-1.4707137,0.13974869,3,WzyB,True,WzyB,2,WzyB
abaumannii_kl193,4.188466,11.786128,2,WzyA,True,WzyA,1,WzyA
abaumannii_kl194,-3.5338671,-1.8953203,3,WzyB,True,WzyB,2,WzyB
abaumannii_kl195,0.27151605,12.894493,2,WzyA,True,WzyA,1,WzyA
abaumannii_kl196,1.3393087,14.766423,2,WzyA,True,WzyA,1,WzyA
abaumannii_kl197,3.835565,13.061816,2,WzyA,True,WzyA,1,WzyA
abaumannii_kl198,2.2542489,14.672584,2,WzyA,True,WzyA,1,WzyA
abaumannii_kl199,11.796927,0.3155847,1,WzyC,True,WzyC,3,WzyC
abaumannii_kl1,15.047698,2.1754348,1,WzyC,True,WzyC,3,WzyC
abaumannii_kl200,1.9751252,14.749531,2,WzyA,True,WzyA,1,WzyA
abaumannii_kl201,-4.906935,-1.9789662,3,WzyB,True,WzyB,2,WzyB
abaumannii_kl202,-1.1190482,1.9818622,3,WzyB,True,WzyB,2,WzyB
abaumannii_kl203,-2.7312799,-1.3508006,3,WzyB,True,WzyB,2,WzyB
ecoli_o135_acd37173.1,11.0487585,1.1434258,1,WzyC,True,WzyC,3,WzyC
ecoli_o79_aig62648.1,-1.4877025,0.09877519,3,WzyB,True,WzyB,2,WzyB
klebsiella_kl164_10,4.2021275,14.707602,2,WzyA,True,WzyA,1,WzyA
klebsiella_kl162_11,-1.358169,0.9342647,3,WzyB,True,WzyB,2,WzyB
spneumoniae_7f_cai32935.1,12.193925,2.204346,1,WzyC,True,WzyC,3,WzyC
abaumannii_kl89,1.176452,16.470076,2,WzyA,True,WzyA,1,WzyA
abaumannii_kl8,7.241053,15.425992,2,WzyA,True,WzyA,1,WzyA
abaumannii_kl90,1.4806725,14.832115,2,WzyA,True,WzyA,1,WzyA
abaumannii_kl87,1.9129121,15.715847,2,WzyA,True,WzyA,1,WzyA
abaumannii_kl88,7.2702317,15.452137,2,WzyA,True,WzyA,1,WzyA
abaumannii_kl86,3.9714599,14.000709,2,WzyA,True,WzyA,1,WzyA
abaumannii_kl85,1.9085919,11.949862,2,WzyA,True,WzyA,1,WzyA
abaumannii_kl84,-1.2975868,1.0695356,3,WzyB,True,WzyB,2,WzyB
abaumannii_kl83,3.8629885,13.386718,2,WzyA,True,WzyA,1,WzyA
ecoli_o156_aig62555.1,14.407661,-0.81891996,1,WzyC,True,WzyC,3,WzyC
ecoli_o157_aac32340.1,-8.043698,-0.9687761,3,WzyB,True,WzyB,2,WzyB
ecoli_o152_aca24821.1,0.6813969,14.465859,2,WzyA,True,WzyA,1,WzyA
ecoli_ogn31_bau71639.1,-7.903931,-1.3753242,3,WzyB,True,WzyB,2,WzyB
ecoli_ogn1_bau71558.1,15.287898,0.2046594,1,WzyC,True,WzyC,3,WzyC
klebsiella_kl186_12,15.532848,2.0327396,1,WzyC,True,WzyC,3,WzyC
klebsiella_kl18_12,10.234815,3.1960177,1,WzyC,True,WzyC,3,WzyC
proteus_o30_axy99624.1,16.688192,-0.109889515,1,WzyC,True,WzyC,3,WzyC
ypseudotuberculosis_o2a_aan23078.1,6.4158516,8.996766,2,WzyA,True,WzyA,1,WzyA
ypseudotuberculosis_o2b_adi59445.1,16.1707,-0.86545473,1,WzyC,True,WzyC,3,WzyC
ypseudotuberculosis_o2c_aka20935.1,-8.026386,-1.3661957,3,WzyB,True,WzyB,2,WzyB
abaumannii_kl204,-7.780614,-1.4358659,3,WzyB,True,WzyB,2,WzyB
abaumannii_kl205,12.109442,0.7206445,1,WzyC,True,WzyC,3,WzyC
abaumannii_kl206,1.2081721,16.411829,2,WzyA,True,WzyA,1,WzyA
abaumannii_kl207,-1.3991145,-0.106598586,3,WzyB,True,WzyB,2,WzyB
abaumannii_kl208,10.139437,3.3415346,1,WzyC,True,WzyC,3,WzyC
abaumannii_kl209,9.374636,2.572413,1,WzyC,True,WzyC,3,WzyC
abaumannii_kl20,11.778604,0.27619645,1,WzyC,True,WzyC,3,WzyC
abaumannii_kl210,9.989139,0.26417947,1,WzyC,True,WzyC,3,WzyC
abaumannii_kl211,1.6048213,16.642637,2,WzyA,True,WzyA,1,WzyA
abaumannii_kl212,-6.547617,-2.0291123,3,WzyB,True,WzyB,2,WzyB
abaumannii_kl213,10.301507,0.08267078,1,WzyC,True,WzyC,3,WzyC
abaumannii_kl214,-1.4244262,-0.53484994,3,WzyB,True,WzyB,2,WzyB
abaumannii_kl215,13.446448,2.004563,1,WzyC,True,WzyC,3,WzyC
abaumannii_kl216,1.8171984,16.770666,2,WzyA,True,WzyA,1,WzyA
abaumannii_kl217,7.1821094,15.367136,2,WzyA,True,WzyA,1,WzyA
abaumannii_kl218,4.211691,14.717113,2,WzyA,True,WzyA,1,WzyA
abaumannii_kl219,-3.0699408,-1.7762969,3,WzyB,True,WzyB,2,WzyB
abaumannii_kl21,14.009482,2.4073358,1,WzyC,True,WzyC,3,WzyC
abaumannii_kl220,3.3084934,15.248259,2,WzyA,True,WzyA,1,WzyA
abaumannii_kl221,11.287087,3.1494849,1,WzyC,True,WzyC,3,WzyC
abaumannii_kl222,-6.543232,-1.9479567,3,WzyB,True,WzyB,2,WzyB
abaumannii_kl223,-5.553119,-1.7850125,3,WzyB,True,WzyB,2,WzyB
abaumannii_kl224,2.3683424,15.272916,2,WzyA,True,WzyA,1,WzyA
abaumannii_kl225,1.5100085,15.90361,2,WzyA,True,WzyA,1,WzyA
abaumannii_kl226,-1.4149169,0.019272638,3,WzyB,True,WzyB,2,WzyB
abaumannii_kl227,-1.5109522,0.059496447,3,WzyB,True,WzyB,2,WzyB
abaumannii_kl228,-4.5884027,-2.5544083,3,WzyB,True,WzyB,2,WzyB
abaumannii_kl229,16.766285,0.97986037,1,WzyC,True,WzyC,3,WzyC
abaumannii_kl22,2.6646976,11.784528,2,WzyA,True,WzyA,1,WzyA
abaumannii_kl230,16.809444,1.0377494,1,WzyC,True,WzyC,3,WzyC
abaumannii_kl231,-9.8700485,-1.0943859,3,WzyB,True,WzyB,2,WzyB
abaumannii_kl232,-1.3703914,1.007725,3,WzyB,True,WzyB,2,WzyB
abaumannii_kl233,13.983523,-0.76846427,1,WzyC,True,WzyC,3,WzyC
abaumannii_kl234,7.1995955,15.38424,2,WzyA,True,WzyA,1,WzyA
abaumannii_kl235,-3.283646,-1.9291735,3,WzyB,True,WzyB,2,WzyB
abaumannii_kl236,-4.4088807,-2.382801,3,WzyB,True,WzyB,2,WzyB
abaumannii_kl237,-9.460358,-1.8674707,3,WzyB,True,WzyB,2,WzyB
abaumannii_kl238,0.25544688,12.544062,2,WzyA,True,WzyA,1,WzyA
abaumannii_kl239,13.258199,2.2337976,1,WzyC,True,WzyC,3,WzyC
abaumannii_kl23,-1.9532928,-0.9965313,3,WzyB,True,WzyB,2,WzyB
abaumannii_kl240,16.27195,-0.878086,1,WzyC,True,WzyC,3,WzyC
abaumannii_kl241,7.2368994,15.421424,2,WzyA,True,WzyA,1,WzyA
abaumannii_kl24,3.1858852,15.028049,2,Missing,True,WzyA,1,WzyA
abaumannii_kl25,-3.5555446,-1.9352556,3,WzyB,True,WzyB,2,WzyB
abaumannii_kl26,3.0488758,12.925758,2,WzyA,True,WzyA,1,WzyA
abaumannii_kl27,2.9277163,11.884915,2,WzyA,True,WzyA,1,WzyA
abaumannii_kl28,1.5555727,14.746723,2,WzyA,True,WzyA,1,WzyA
abaumannii_kl29,0.3057527,13.082319,2,WzyA,True,WzyA,1,WzyA
abaumannii_kl2,1.9749191,15.599635,2,WzyA,True,WzyA,1,WzyA
abaumannii_kl30,16.399244,2.2556784,1,WzyC,True,WzyC,3,WzyC
abaumannii_kl31,14.832882,-0.07074184,1,WzyC,True,WzyC,3,WzyC
abaumannii_kl32,2.1709146,14.62202,2,WzyA,True,WzyA,1,WzyA
abaumannii_kl33,-2.782485,-1.6883572,3,WzyB,True,WzyB,2,WzyB
abaumannii_kl34,11.769762,0.26233298,1,WzyC,True,WzyC,3,WzyC
abaumannii_kl35,6.2330456,9.1881,2,WzyA,True,WzyA,1,WzyA
abaumannii_kl36,1.0399749,16.547358,2,WzyA,True,WzyA,1,WzyA
abaumannii_kl37,3.6955888,12.74053,2,WzyA,True,WzyA,1,WzyA
abaumannii_kl38,3.9318674,14.972212,2,WzyA,True,WzyA,1,WzyA
abaumannii_kl3,4.183111,11.758594,2,WzyA,True,WzyA,1,WzyA
abaumannii_kl40,-1.110965,2.025846,3,WzyB,True,WzyB,2,WzyB
abaumannii_kl41,3.0819175,12.150734,2,WzyA,True,WzyA,1,WzyA
abaumannii_kl42,1.8362849,16.810068,2,WzyA,True,WzyA,1,WzyA
abaumannii_kl43,-5.592075,-1.7711493,3,WzyB,True,WzyB,2,WzyB
abaumannii_kl44,14.139881,2.4965081,1,WzyC,True,WzyC,3,WzyC
abaumannii_kl45,-5.4313684,-1.5860455,3,WzyB,True,WzyB,2,WzyB
abaumannii_kl46,4.3818207,13.263365,2,WzyA,True,WzyA,1,WzyA
abaumannii_kl47,-9.788921,-1.0314447,3,WzyB,True,WzyB,2,WzyB
abaumannii_kl48,4.1548905,14.2707405,2,WzyA,True,WzyA,1,WzyA
abaumannii_kl49,-9.650677,-1.6536903,3,WzyB,True,WzyB,2,WzyB
abaumannii_kl4,-4.9455395,-2.005604,3,WzyB,True,WzyB,2,WzyB
abaumannii_kl50,13.242241,-0.034266505,1,WzyC,True,WzyC,3,WzyC
abaumannii_kl51,4.105928,14.140983,2,WzyA,True,WzyA,1,WzyA
abaumannii_kl52,1.425427,14.804943,2,WzyA,True,WzyA,1,WzyA
abaumannii_kl53,6.2425685,9.181253,2,WzyA,True,WzyA,1,WzyA
abaumannii_kl54,2.6127203,15.052159,2,WzyA,True,WzyA,1,WzyA
abaumannii_kl55,2.4570022,15.36182,2,WzyA,True,WzyA,1,WzyA
abaumannii_kl56,1.1321924,16.437206,2,WzyA,True,WzyA,1,WzyA
abaumannii_kl57,-7.92191,-1.3461833,3,WzyB,True,WzyB,2,WzyB
abaumannii_kl58,3.3301501,14.988757,2,WzyA,True,WzyA,1,WzyA
abaumannii_kl59,1.5638086,11.95177,2,WzyA,True,WzyA,1,WzyA
abaumannii_kl5,4.114392,14.011269,2,WzyA,True,WzyA,1,WzyA
abaumannii_kl60,1.1516979,16.468216,2,WzyA,True,WzyA,1,WzyA
abaumannii_kl61,0.18716455,12.677166,2,WzyA,True,WzyA,1,WzyA
abaumannii_kl62,16.240005,-0.93076473,1,WzyC,True,WzyC,3,WzyC
abaumannii_kl63,-1.4228048,0.23641452,3,WzyB,True,WzyB,2,WzyB
abaumannii_kl64,3.2080042,15.053853,2,WzyA,True,WzyA,1,WzyA
abaumannii_kl65,13.744812,-0.6586666,1,WzyC,True,WzyC,3,WzyC
abaumannii_kl66,-9.706238,-0.9904514,3,WzyB,True,WzyB,2,WzyB
abaumannii_kl67-1,-9.957076,-1.2192551,3,WzyB,True,WzyB,2,WzyB
abaumannii_kl67-2,11.8028965,0.25462794,1,WzyC,True,WzyC,3,WzyC
abaumannii_kl68,15.180725,0.9497848,1,WzyC,True,WzyC,3,WzyC
abaumannii_kl69,12.178806,0.71388656,1,WzyC,True,WzyC,3,WzyC
abaumannii_kl6,-1.5375737,-0.66671085,3,WzyB,True,WzyB,2,WzyB
abaumannii_kl70,7.2322903,15.414412,2,WzyA,True,WzyA,1,WzyA
abaumannii_kl71,3.7659898,13.147942,2,WzyA,True,WzyA,1,WzyA
abaumannii_kl72,6.208259,9.21427,2,WzyA,True,WzyA,1,WzyA
ecoli_o136_aig62419.1,10.637705,2.7481728,1,WzyC,True,WzyC,3,WzyC
ecoli_o7_aad44158.1,-8.5251465,-0.85285527,3,WzyB,True,WzyB,2,WzyB
klebsiella_kl166_09,1.3044777,12.2412195,2,WzyA,True,WzyA,1,WzyA
proteus_o17_axy99492.1,-1.691725,-0.29837036,3,WzyB,True,WzyB,2,WzyB
spneumoniae_7c_cai32910.1,12.07052,3.3736682,1,WzyC,True,WzyC,3,WzyC
abaumannii_kl73,-1.4756883,0.07275633,3,WzyB,True,WzyB,2,WzyB
abaumannii_kl74,1.8926942,11.838431,2,WzyA,True,WzyA,1,WzyA
abaumannii_kl75,-6.471064,-1.9581145,3,WzyB,True,WzyB,2,WzyB
abaumannii_kl76,16.427435,1.2431958,1,WzyC,True,WzyC,3,WzyC
abaumannii_kl77,-2.7767963,-1.7138822,3,WzyB,True,WzyB,2,WzyB
abaumannii_kl78,-5.3961806,-1.7829474,3,WzyB,True,WzyB,2,WzyB
abaumannii_kl79,2.7674587,11.722493,2,WzyA,True,WzyA,1,WzyA
abaumannii_kl7,0.96025246,15.025639,2,WzyA,True,WzyA,1,WzyA
abaumannii_kl80,1.7037641,11.822591,2,WzyA,True,WzyA,1,WzyA
abaumannii_kl81,1.1138685,15.048722,2,WzyA,True,WzyA,1,WzyA
abaumannii_kl82,15.387352,2.788686,1,WzyC,True,WzyC,3,WzyC
ecoli_o155_aav74550.1,3.7601767,13.970131,2,WzyA,True,WzyA,1,WzyA
ecoli_o154_baq01780.1,-1.2502244,1.3676106,3,WzyB,True,WzyB,2,WzyB
ecoli_o153_baq01759.1,16.106647,-0.99215966,1,WzyC,True,WzyC,3,WzyC
ecoli_ogn3_bav90433.1,-1.6175882,-0.77799666,3,WzyB,True,WzyB,2,WzyB
ecoli_ogn17_bav90548.1,10.793262,1.9366364,1,WzyC,True,WzyC,3,WzyC
klebsiella_kl185_12,3.874635,13.518412,2,WzyA,True,WzyA,1,WzyA
klebsiella_kl183_12,4.170675,13.266323,2,WzyA,True,WzyA,1,WzyA
klebsiella_kl182_07,14.885741,2.775997,1,WzyC,True,WzyC,3,WzyC
proteus_o33_axy99670.1,15.647162,1.6502763,1,WzyC,True,WzyC,3,WzyC
proteus_o34_axy99682.1,3.2621872,12.80078,2,WzyA,True,WzyA,1,WzyA
ypseudotuberculosis_o9_cdf66396.1,-1.1731263,1.7543395,3,WzyB,True,WzyB,2,WzyB
ypseudotuberculosis_o11_acv52983.1,-9.88761,-1.1233141,3,WzyB,True,WzyB,2,WzyB
abaumannii_kl91,-1.0964308,2.0330458,3,WzyB,True,WzyB,2,WzyB
abaumannii_kl92,16.682905,1.8750817,1,WzyC,True,WzyC,3,WzyC
abaumannii_kl93,1.250657,14.541305,2,WzyA,True,WzyA,1,WzyA
abaumannii_kl94,3.0972097,14.996894,2,WzyA,True,WzyA,1,WzyA
abaumannii_kl95,9.340114,2.561792,1,WzyC,True,WzyC,3,WzyC
abaumannii_kl96,4.1782374,14.4182005,2,WzyA,True,WzyA,1,WzyA
abaumannii_kl97,-1.4042186,0.08241413,3,WzyB,True,WzyB,2,WzyB
abaumannii_kl98,1.5752912,16.741793,2,WzyA,True,WzyA,1,WzyA
abaumannii_kl99,15.663055,1.7719866,1,WzyC,True,WzyC,3,WzyC
abaumannii_kl9,7.1953936,15.380609,2,WzyA,True,WzyA,1,WzyA
abaumannii_pgll_wp_272749414.1,11.343371,2.1090453,1,ligases,True,WzyC,3,WzyC
abaumannii_ph1,2.9840796,11.672185,2,WzyA,True,WzyA,1,WzyA
abaumannii_ph2,16.733587,1.922591,1,WzyC,True,WzyC,3,WzyC
abaumannii_ph3,4.7676444,12.466687,2,Missing,True,WzyA,1,WzyA
abaumannii_ph4,0.8612283,13.836069,2,Missing,True,WzyA,1,WzyA
abaumannii_pilo_wp_000914629.1,16.47571,-0.6477199,1,ligases,True,WzyC,3,WzyC
arnt_waal_q1ldt6,6.1984763,9.231402,2,ligases,True,WzyA,1,WzyA
citrobacter_o12_awu66636.1,10.779973,0.053479522,1,WzyC,True,WzyC,3,WzyC
citrobacter_o16_awu66650.1,0.8908066,13.676508,2,WzyA,True,WzyA,1,WzyA
citrobacter_o22_awu66665.1,-3.1389813,-1.8669816,3,WzyB,True,WzyB,2,WzyB
citrobacter_o23_awu66675.1,-9.78536,-1.055493,3,WzyB,True,WzyB,2,WzyB
citrobacter_o24_awu66681.1,15.68295,0.35800427,1,WzyC,True,WzyC,3,WzyC
citrobacter_o38_awu66741.1,13.706736,2.328725,1,WzyC,True,WzyC,3,WzyC
citrobacter_o41_awu66755.1,3.9056883,13.4513445,2,WzyA,True,WzyA,1,WzyA
cupriavidus_metallidurans_waal_q1lju1,10.216138,3.186313,1,ligases,True,WzyC,3,WzyC
ecloacae_o10_qhr93177.1,-9.286236,-1.0578521,3,WzyB,True,WzyB,2,WzyB
ecloacae_o11_qhr93191.1,-9.275679,-1.0699558,3,WzyB,True,WzyB,2,WzyB
ecloacae_o12_qhr93204.1,-1.5353534,-0.5475868,3,WzyB,True,WzyB,2,WzyB
ecloacae_o13_qhr93215.1,3.0768456,13.139805,2,WzyA,True,WzyA,1,WzyA
ecloacae_o14_qhr93227.1,-2.6827214,-1.6255147,3,WzyB,True,WzyB,2,WzyB
ecloacae_o15_qhr93244.1,4.319611,12.356341,2,WzyA,True,WzyA,1,WzyA
ecloacae_o16_qhr93256.1,-1.3560696,0.8804087,3,WzyB,True,WzyB,2,WzyB
ecloacae_o17_qhr93266.1,-2.4174755,-1.2971832,3,WzyB,True,WzyB,2,WzyB
ecloacae_o18_qhr93279.1,-5.0962963,-1.9072167,3,WzyB,True,WzyB,2,WzyB
ecloacae_o19_qhr93285.1,-6.7956114,-2.3211687,3,WzyB,True,WzyB,2,WzyB
ecloacae_o1_qhr93073.1,9.615102,0.9822224,1,WzyC,True,WzyC,3,WzyC
ecloacae_o20_qhr93298.1,4.074928,13.880237,2,WzyA,True,WzyA,1,WzyA
ecloacae_o21_qhr93310.1,-2.527846,-1.5044596,3,WzyB,True,WzyB,2,WzyB
ecloacae_o22_qhr93318.1,0.60704577,14.383681,2,WzyA,True,WzyA,1,WzyA
ecloacae_o24_qhr93343.1,-1.780258,-0.37726483,3,WzyB,True,WzyB,2,WzyB
ecloacae_o26_qhr93353.1,1.4311651,13.361202,2,WzyA,True,WzyA,1,WzyA
ecloacae_o27_qhr93376.1,-1.7396766,-0.43422812,3,WzyB,True,WzyB,2,WzyB
ecloacae_o30_qhr93392.1,10.937699,2.6002607,1,WzyC,True,WzyC,3,WzyC
ecloacae_o3_qhr93084.1,10.280297,2.1031687,1,WzyC,True,WzyC,3,WzyC
ecloacae_o4_qhr93104.1,0.5726503,12.432885,2,WzyA,True,WzyA,1,WzyA
ecloacae_o5_qhr93118.1,-2.3045137,-1.2971225,3,WzyB,True,WzyB,2,WzyB
ecloacae_o6_qhr93127.1,14.140215,0.35893893,1,WzyC,True,WzyC,3,WzyC
ecloacae_o7_qhr93136.1,1.6619308,16.742817,2,WzyA,True,WzyA,1,WzyA
ecloacae_o8_qhr93146.1,14.590063,1.8464783,1,WzyC,True,WzyC,3,WzyC
ecloacae_o9_qhr93163.1,-9.263157,-1.1642468,3,WzyB,True,WzyB,2,WzyB
ecoli__adi43263.1,16.75569,1.8677152,1,Missing,True,WzyC,3,WzyC
ecoli__bau71586.1,-8.91866,-1.5620548,3,Missing,True,WzyB,2,WzyB
ecoli__bav90458.1,10.794382,1.8193475,1,Missing,True,WzyC,3,WzyC
ecoli_eca_pay77806.1,-6.809096,-2.3025184,3,WzyB,True,WzyB,2,WzyB
ecoli_o100_aig62814.1,15.698646,1.4102956,1,WzyC,True,WzyC,3,WzyC
ecoli_o102_afs33314.1,14.851644,-0.11182832,1,WzyC,True,WzyC,3,WzyC
ecoli_o103_aas73171.1,2.6260135,13.573917,2,WzyA,True,WzyA,1,WzyA
ecoli_o104_aak64372.1,2.6863108,11.700087,2,WzyA,True,WzyA,1,WzyA
ecoli_o105_aca24829.1,0.55764776,12.501728,2,WzyA,True,WzyA,1,WzyA
ecoli_o106_aay23745.1,-8.562605,-1.0195942,3,WzyB,True,WzyB,2,WzyB
ecoli_o107_ach97132.1,-9.261117,-1.1780716,3,WzyB,True,WzyB,2,WzyB
ecoli_o108_ajr19457.1,-1.3988773,0.29634616,3,WzyB,True,WzyB,2,WzyB
ecoli_o109_adr74237.1,11.118584,2.9708564,1,WzyC,True,WzyC,3,WzyC
ecoli_o10_aig62532.1,2.5033612,12.864761,2,WzyA,True,WzyA,1,WzyA
ecoli_o110_baq01533.1,11.852403,1.7946442,1,WzyC,True,WzyC,3,WzyC
ecoli_o111_aad46730.1,9.367943,2.6140394,1,WzyC,True,WzyC,3,WzyC
ecoli_o112ab_acd37086.1,4.5639963,12.019501,2,WzyA,True,WzyA,1,WzyA
ecoli_o112ac_acd37014.1,13.664206,1.4280356,1,WzyC,True,WzyC,3,WzyC
ecoli_o113_aad50486.1,1.8280915,13.375121,2,WzyA,True,WzyA,1,WzyA
ecoli_o114_aat77177.1,-7.6592374,-1.555902,3,WzyB,True,WzyB,2,WzyB
ecoli_o115_adn43838.1,6.4280505,8.983947,2,WzyA,True,WzyA,1,WzyA
ecoli_o116_baq01563.1,1.463619,16.601412,2,WzyA,True,WzyA,1,WzyA
ecoli_o117_ach97143.1,-9.248438,-1.2169276,3,WzyB,True,WzyB,2,WzyB
ecoli_o118_abm53642.1,1.3079056,13.358195,2,WzyA,True,WzyA,1,WzyA
ecoli_o119_adb02825.1,-7.9800177,-1.0143168,3,WzyB,True,WzyB,2,WzyB
ecoli_o11_adv17650.1,4.375007,11.610919,2,WzyA,True,WzyA,1,WzyA
ecoli_o120_baq01584.1,3.7240577,14.86213,2,WzyA,True,WzyA,1,WzyA
ecoli_o121_afc91472.1,-3.9143586,-1.1392628,3,WzyB,True,WzyB,2,WzyB
ecoli_o123_baq02224.1,-3.8857172,-1.135947,3,WzyB,True,WzyB,2,WzyB
ecoli_o124_acd37138.1,2.575335,12.912572,2,WzyA,True,WzyA,1,WzyA
ecoli_o125ab_akm71200.1,-5.2466927,-1.8542541,3,WzyB,True,WzyB,2,WzyB
ecoli_o126_abe98419.1,1.1314019,13.473097,2,WzyA,True,WzyA,1,WzyA
ecoli_o127_aar90892.1,-1.421838,-0.4356256,3,WzyB,True,WzyB,2,WzyB
ecoli_o128_aao37701.1,0.6050074,13.738003,2,WzyA,True,WzyA,1,WzyA
ecoli_o129_acd37181.1,11.682598,0.29009023,1,WzyC,True,WzyC,3,WzyC
ecoli_o12_aig62543.1,1.6788775,16.709574,2,WzyA,True,WzyA,1,WzyA
ecoli_o130_acd37157.1,13.252788,-0.25936678,1,WzyC,True,WzyC,3,WzyC
ecoli_o131_aig62402.1,1.6636277,15.702559,2,WzyA,True,WzyA,1,WzyA
ecoli_o132_aig62486.1,13.603628,1.2456934,1,WzyC,True,WzyC,3,WzyC
ecoli_o133_aig62394.1,-3.5128875,-2.0658386,3,WzyB,True,WzyB,2,WzyB
ecoli_o134_baq01687.1,16.294027,-0.8801989,1,WzyC,True,WzyC,3,WzyC
klebsiella_kl165_08,0.6754694,12.3683195,2,WzyA,True,WzyA,1,WzyA
proteus_o18_qim23321.1,0.22093186,12.91918,2,WzyA,True,WzyA,1,WzyA
spneumoniae_8_cai32957.1,14.833339,-0.75828296,1,WzyC,True,WzyC,3,WzyC
ecoli_o137_aig62424.1,14.949799,1.2654784,1,WzyC,True,WzyC,3,WzyC
ecoli_o138_aaz85713.1,12.14162,1.955244,1,WzyC,True,WzyC,3,WzyC
ecoli_o139_aig62435.1,-4.6489124,-2.2843816,3,WzyB,True,WzyB,2,WzyB
ecoli_o13_baq02138.1,11.066758,1.1117059,1,WzyC,True,WzyC,3,WzyC
ecoli_o140_aig62480.1,1.4920063,12.070502,2,WzyA,True,WzyA,1,WzyA
ecoli_o141_abi98976.1,2.8203764,15.124239,2,WzyA,True,WzyA,1,WzyA
ecoli_o142_agn91838.1,-3.4636102,-1.9566765,3,WzyB,True,WzyB,2,WzyB
ecoli_o143_aca24764.1,16.881783,1.2877656,1,WzyC,True,WzyC,3,WzyC
ecoli_o144_aig62452.1,1.6983184,11.970206,2,WzyA,True,WzyA,1,WzyA
ecoli_o145_aax58762.1,13.13317,2.219349,1,WzyC,True,WzyC,3,WzyC
ecoli_o146_abe98437.1,10.029252,3.332185,1,WzyC,True,WzyC,3,WzyC
ecoli_o147_abi98986.1,14.356533,2.5088277,1,WzyC,True,WzyC,3,WzyC
ecoli_o148_aba42232.1,-3.9147813,-1.140948,3,WzyB,True,WzyB,2,WzyB
ecoli_o149_aaz65837.1,2.563239,14.099752,2,WzyA,True,WzyA,1,WzyA
ecoli_o150_aca24803.1,4.1601353,12.273282,2,WzyA,True,WzyA,1,WzyA
ecoli_o151_adj19203.1,14.210406,0.27929202,1,Missing,True,WzyC,3,WzyC
ecoli_o151_adq37322.1,1.1603801,13.496361,2,WzyA,True,WzyA,1,WzyA
ecoli_ogn2_bav90417.1,0.9036088,16.54997,2,WzyA,True,WzyA,1,WzyA
ecoli_ogn16_bav90529.1,-3.259385,-1.9279832,3,WzyB,True,WzyB,2,WzyB
klebsiella_kl184_18,4.014953,13.837944,2,WzyA,True,WzyA,1,WzyA
klebsiella_kl181_10,3.2267692,15.157228,2,WzyA,True,WzyA,1,WzyA
proteus_o36_axy99696.1,-1.6073807,-0.78279465,3,WzyB,True,WzyB,2,WzyB
proteus_o37ab_axy99713.1,-1.348686,0.8864092,3,WzyB,True,WzyB,2,WzyB
ypseudotuberculosis_o12_afv46136.1,2.0961432,11.858313,2,WzyA,True,WzyA,1,WzyA
ypseudotuberculosis_o15_cax18360.1,-3.1276414,-1.9382807,3,WzyB,True,WzyB,2,WzyB
ecoli_o158_adn43871.1,11.976472,2.981154,1,WzyC,True,WzyC,3,WzyC
ecoli_o159_aca24890.1,6.283637,9.138207,2,WzyA,True,WzyA,1,WzyA
ecoli_o15_aav74543.1,16.628122,1.1352867,1,WzyC,True,WzyC,3,WzyC
ecoli_o160_baq01812.1,16.481518,-0.6240197,1,WzyC,True,WzyC,3,WzyC
ecoli_o163_ajr19405.1,-9.589515,-0.9340264,3,WzyB,True,WzyB,2,WzyB
ecoli_o164_acd37146.1,2.630825,12.893239,2,WzyA,True,WzyA,1,WzyA
ecoli_o165_adn43883.1,-1.7453103,-0.7160255,3,WzyB,True,WzyB,2,WzyB
ecoli_o166_adc54957.1,0.16838293,12.982693,2,WzyA,True,WzyA,1,WzyA
ecoli_o167_acd37046.1,9.785225,1.3702308,1,WzyC,True,WzyC,3,WzyC
ecoli_o168_acd36996.1,14.653147,2.760515,1,WzyC,True,WzyC,3,WzyC
ecoli_o169_aig62720.1,2.1767561,14.585499,2,WzyA,True,WzyA,1,WzyA
ecoli_o16_baq00653.1,-5.4335527,-1.758507,3,WzyB,True,WzyB,2,WzyB
ecoli_o170_aig62733.1,15.018651,-0.6451338,1,WzyC,True,WzyC,3,WzyC
ecoli_o171_aig56920.2,12.97376,2.2805064,1,WzyC,True,WzyC,3,WzyC
ecoli_o172_aat28922.1,-9.426922,-1.1246412,3,WzyB,True,WzyB,2,WzyB
ecoli_o173_adn43894.1,0.8006035,13.267013,2,WzyA,True,WzyA,1,WzyA
ecoli_o174_aay28249.1,10.270581,3.2785304,1,WzyC,True,WzyC,3,WzyC
ecoli_o175_aig56909.1,16.169376,0.6101737,1,WzyC,True,WzyC,3,WzyC
ecoli_o176_aig62743.1,-9.129253,-0.96311545,3,WzyB,True,WzyB,2,WzyB
ecoli_o177_aay28257.1,16.794426,1.0133185,1,WzyC,True,WzyC,3,WzyC
ecoli_o178_aig62747.1,16.361492,-0.83674365,1,WzyC,True,WzyC,3,WzyC
ecoli_o179_aig62759.1,10.688221,0.08354954,1,WzyC,True,WzyC,3,WzyC
ecoli_o17_baq02105.1,-8.558828,-0.992341,3,WzyB,True,WzyB,2,WzyB
ecoli_o180_afn02899.1,-3.322014,-1.9393682,3,WzyB,True,WzyB,2,WzyB
ecoli_o181_aig62769.1,4.641427,12.17016,2,WzyA,True,WzyA,1,WzyA
ecoli_o182_aig62775.1,11.045684,1.1859564,1,WzyC,True,WzyC,3,WzyC
ecoli_o183_bal03056.1,2.259504,14.598729,2,WzyA,True,WzyA,1,WzyA
ecoli_o184_baq02031.1,9.932614,0.31781572,1,WzyC,True,WzyC,3,WzyC
ecoli_o185_baq02048.1,-9.951226,-1.285572,3,WzyB,True,WzyB,2,WzyB
ecoli_o186_baq02068.1,-3.8774683,-1.101604,3,WzyB,True,WzyB,2,WzyB
ecoli_o187_aig56949.1,15.679592,1.8480248,1,WzyC,True,WzyC,3,WzyC
ecoli_o18_adc54950.1,-2.7516534,-1.6576678,3,WzyB,True,WzyB,2,WzyB
ecoli_o19_baq00705.1,-4.9617434,-1.9750401,3,WzyB,True,WzyB,2,WzyB
ecoli_o1_adc54929.1,4.1664004,14.762581,2,WzyA,True,WzyA,1,WzyA
ecoli_o21_ach97162.1,1.6984308,11.729205,2,WzyA,True,WzyA,1,WzyA
ecoli_o22_abi34562.1,15.523107,2.1013615,1,WzyC,True,WzyC,3,WzyC
ecoli_o23_aig62571.1,2.5856466,11.761747,2,WzyA,True,WzyA,1,WzyA
ecoli_o24_aig62584.1,0.91778994,16.592632,2,WzyA,True,WzyA,1,WzyA
ecoli_o26_aan60459.1,2.0009747,11.633769,2,WzyA,True,WzyA,1,WzyA
ecoli_o27_adi43271.1,4.0662103,11.65225,2,WzyA,True,WzyA,1,WzyA
ecoli_o28ab_ajr19372.1,-5.6233964,-1.7217548,3,WzyB,True,WzyB,2,WzyB
ecoli_o29_aca24852.1,2.6425142,12.855211,2,WzyA,True,WzyA,1,WzyA
ecoli_o2_acd75809.1,4.772205,12.587433,2,WzyA,True,WzyA,1,WzyA
ecoli_o30_aig62591.1,-1.1087646,2.0167668,3,WzyB,True,WzyB,2,WzyB
ecoli_o32_acd37058.1,15.695971,1.8249559,1,WzyC,True,WzyC,3,WzyC
ecoli_o33_aig62598.1,13.939033,-0.7752924,1,WzyC,True,WzyC,3,WzyC
ecoli_o34_aig62789.1,1.7343864,16.748848,2,WzyA,True,WzyA,1,WzyA
ecoli_o35_acv67289.1,3.8703265,13.304113,2,WzyA,True,WzyA,1,WzyA
ecoli_o36_baq00830.1,-3.762418,-2.2335746,3,WzyB,True,WzyB,2,WzyB
ecoli_o37_aig62499.1,14.354838,2.4617836,1,WzyC,True,WzyC,3,WzyC
ecoli_o38_ajr19362.1,0.8901763,14.932261,2,WzyA,True,WzyA,1,WzyA
ecoli_o39_baq00879.1,-8.3413,-0.96635413,3,WzyB,True,WzyB,2,WzyB
ecoli_o3_ach97152.1,2.613228,13.928351,2,WzyA,True,WzyA,1,WzyA
ecoli_o40_acd37117.1,16.01543,-0.21868645,1,WzyC,True,WzyC,3,WzyC
ecoli_o41_baq00893.1,3.9376483,14.950459,2,WzyA,True,WzyA,1,WzyA
ecoli_o42_baq00911.1,-9.774779,-1.0328865,3,WzyB,True,WzyB,2,WzyB
ecoli_o43_aig62638.1,16.63348,0.9958227,1,WzyC,True,WzyC,3,WzyC
ecoli_o44_wp_000549530.1,-8.598759,-1.0170705,3,WzyB,True,WzyB,2,WzyB
ecoli_o45_aax07747.1,-1.3648268,1.0231853,3,WzyB,True,WzyB,2,WzyB
ecoli_o46_baq00957.1,16.321375,-0.8545822,1,WzyC,True,WzyC,3,WzyC
ecoli_o48_aig62384.1,11.138073,2.9818563,1,WzyC,True,WzyC,3,WzyC
ecoli_o49_baq00994.1,15.77883,1.7134811,1,WzyC,True,WzyC,3,WzyC
ecoli_o4_aat85653.1,1.1130636,12.585127,2,WzyA,True,WzyA,1,WzyA
ecoli_o50_baq01012.1,4.7593503,12.404442,2,WzyA,True,WzyA,1,WzyA
ecoli_o51_baq01024.1,0.75790346,13.93195,2,WzyA,True,WzyA,1,WzyA
ecoli_o53_abz79721.1,9.906538,0.34729925,1,WzyC,True,WzyC,3,WzyC
ecoli_o54_baq02116.1,0.89978874,16.586718,2,WzyA,True,WzyA,1,WzyA
ecoli_o55_aal67557.1,2.083603,11.594048,2,WzyA,True,WzyA,1,WzyA
ecoli_o56_abb29916.1,1.0554956,16.495321,2,WzyA,True,WzyA,1,WzyA
ecoli_o56_aca24882.1,10.681641,1.931855,1,Missing,True,WzyC,3,WzyC
ecoli_o59_aav74376.1,-5.390828,-1.6765453,3,WzyB,True,WzyB,2,WzyB
ecoli_o5ab_ajr19356.1,-5.921886,-1.8364959,3,WzyB,True,WzyB,2,WzyB
ecoli_o61_adj19217.1,-1.3206856,1.1094146,3,WzyB,True,WzyB,2,WzyB
ecoli_o62_agn91809.1,-3.2015398,-2.0087235,3,WzyB,True,WzyB,2,WzyB
ecoli_o63_acd75796.1,-4.4150987,-2.359514,3,WzyB,True,WzyB,2,WzyB
ecoli_o64_baq01114.1,12.137062,3.3470042,1,WzyC,True,WzyC,3,WzyC
ecoli_o65_ajr19392.1,-3.70809,-2.2358832,3,WzyB,True,WzyB,2,WzyB
ecoli_o66_aaz20761.1,-2.143306,-1.1490041,3,WzyB,True,WzyB,2,WzyB
ecoli_o68_ait92164.1,-3.2402308,-1.9052182,3,WzyB,True,WzyB,2,WzyB
ecoli_o69_aig62798.1,3.850646,13.660099,2,WzyA,True,WzyA,1,WzyA
ecoli_o6_cad19991.1,-8.903281,-1.6192386,3,WzyB,True,WzyB,2,WzyB
ecoli_o70_cbn82200.1,-4.493887,-2.4067862,3,WzyB,True,WzyB,2,WzyB
ecoli_o71_adi77033.1,-7.908299,-1.3879195,3,WzyB,True,WzyB,2,WzyB
ecoli_o73_aay23733.1,-8.491812,-0.93584746,3,WzyB,True,WzyB,2,WzyB
ecoli_o74_baq01207.1,13.824377,2.3542657,1,WzyC,True,WzyC,3,WzyC
ecoli_o75_aig62607.1,0.62184274,14.540449,2,WzyA,True,WzyA,1,WzyA
ecoli_o76_baq01218.1,10.091767,2.0893767,1,WzyC,True,WzyC,3,WzyC
ecoli_o77_aay23739.1,-8.458553,-1.2348524,3,WzyB,True,WzyB,2,WzyB
ecoli_o78_aig62619.1,1.4129454,13.343498,2,WzyA,True,WzyA,1,WzyA
klebsiella_kl163_08,10.502465,0.11058612,1,WzyC,True,WzyC,3,WzyC
spneumoniae_9a_cai32973.1,10.840648,0.085507244,1,WzyC,True,WzyC,3,WzyC
ecoli_o80_baq01238.1,16.866531,1.3697655,1,WzyC,True,WzyC,3,WzyC
ecoli_o81_aig62868.1,2.6998105,14.193966,2,WzyA,True,WzyA,1,WzyA
ecoli_o82_baq01266.1,16.464079,-0.73030514,1,WzyC,True,WzyC,3,WzyC
ecoli_o83_aig62838.1,16.330967,2.277703,1,WzyC,True,WzyC,3,WzyC
ecoli_o84_aje24489.1,0.51290023,14.138318,2,WzyA,True,WzyA,1,WzyA
ecoli_o85_aig62657.1,16.658607,0.878689,1,WzyC,True,WzyC,3,WzyC
ecoli_o86_b7_aao37717.1,-8.337055,-0.87353194,3,WzyB,True,WzyB,2,WzyB
ecoli_o87_aca24901.1,0.21880028,12.774299,2,WzyA,True,WzyA,1,WzyA
ecoli_o88_aig62878.1,15.1024885,2.1420612,1,WzyC,True,WzyC,3,WzyC
ecoli_o8_baq00597.1,15.293433,0.22899209,1,WzyC,True,WzyC,3,WzyC
ecoli_o90_baq01361.1,-1.3308986,1.0482935,3,WzyB,True,WzyB,2,WzyB
ecoli_o91_aak60458.1,15.590563,0.3312709,1,WzyC,True,WzyC,3,WzyC
ecoli_o93_baq01386.1,16.824194,1.6497914,1,WzyC,True,WzyC,3,WzyC
ecoli_o96_aig62627.1,13.761577,0.9841257,1,WzyC,True,WzyC,3,WzyC
ecoli_o98_abb04486.1,6.2211857,9.204068,2,WzyA,True,WzyA,1,WzyA
ecoli_ogn12_bau71625.1,1.6673954,13.417938,2,WzyA,True,WzyA,1,WzyA
ecoli_ogn13_bav90482.1,1.1174101,16.199642,2,WzyA,True,WzyA,1,WzyA
ecoli_ogn14_bav90498.1,2.7064812,14.247407,2,WzyA,True,WzyA,1,WzyA
ecoli_ogn15_bav90511.1,-9.38331,-1.7092001,3,WzyB,True,WzyB,2,WzyB
klebsiella_kl19_13,0.970878,16.486984,2,WzyA,True,WzyA,1,WzyA
klebsiella_kl1_09,15.162576,1.1957669,1,WzyC,True,WzyC,3,WzyC
proteus_o32_axy99655.1,0.81137335,16.484606,2,WzyA,True,WzyA,1,WzyA
proteus_o2_axy99336.1,1.7228919,15.725437,2,WzyA,True,WzyA,1,WzyA
ypseudotuberculosis_o1c_adi59429.1,16.224678,-0.91586053,1,WzyC,True,WzyC,3,WzyC
tigr04370_glyco_rpt_poly_seed_a0a420e603,-9.424286,-1.8489105,3,HMM Seed,True,WzyB,2,WzyB
ecoli_ogn4_bav90441.1,11.072242,0.22664666,1,WzyC,True,WzyC,3,WzyC
ecoli_ogn5_bau71572.1,9.754959,1.1158354,1,Missing,True,WzyC,3,WzyC
ecoli_ogn9_bau71608.1,3.1779392,14.617462,2,Missing,True,WzyA,1,WzyA
ecoli_ox13_ajr19385.1,13.345641,-0.11379986,1,WzyC,True,WzyC,3,WzyC
ecoli_ox18_aig62370.1,13.289837,1.1162874,1,WzyC,True,WzyC,3,WzyC
ecoli_ox25_ajr19416.1,1.5007269,14.9312105,2,WzyA,True,WzyA,1,WzyA
ecoli_waal_r1_aac69682.1,10.065841,3.3644323,1,ligases,True,WzyC,3,WzyC
ecoli_waal_r2_aac69661.1,12.047469,3.428965,1,ligases,True,WzyC,3,WzyC
ecoli_waal_r3_aac69648.1,10.042941,3.443142,1,ligases,True,WzyC,3,WzyC
ecoli_waal_r4_aac69671.1,12.011868,3.4772673,1,ligases,True,WzyC,3,WzyC
ecoli_waal_r5_np_418079.1,10.34165,3.4715059,1,ligases,True,WzyC,3,WzyC
ipr002760_o_anti_polymase_seed_o26751,-1.2280436,1.506935,3,HMM Seed,True,WzyB,2,WzyB
ipr007016_wzy_c_seed_q6mi87,10.158881,3.1620834,1,HMM Seed,True,WzyC,3,WzyC
ipr009630_duf1229_seed_q8f5m4,11.0152235,0.15128478,1,HMM Seed,True,WzyC,3,WzyC
ipr010691_wzye_seed_q329x2,-6.7540393,-2.2387178,3,HMM Seed,True,WzyB,2,WzyB
ipr017528_pep_o_lig_1_seed_a0a6l5qa75,14.192298,0.23807569,1,HMM Seed,True,WzyC,3,WzyC
ipr021797_wzy_c2_seed_q122i6,13.507635,-0.2829066,1,HMM Seed,True,WzyC,3,WzyC
ipr024013_colanic_acid_synth_wcad_seed_a0a0a1a6j9,9.971464,3.3162246,1,HMM Seed,True,WzyC,3,WzyC
ipr029468_oag_pol_wzy_seed_p39854,-3.6782196,-1.6795864,3,HMM Seed,True,WzyB,2,WzyB
ipr045918_duf6337_seed_a0a1e3x2d7,-2.8816462,-1.7055533,3,HMM Seed,True,WzyB,2,WzyB
ipr045949_duf6369_seed_b1xzr5,15.15121,2.8877122,1,HMM Seed,True,WzyC,3,WzyC
ipr045979_duf5935_seed_a0a0q4kqw8,13.583126,-0.56141424,1,HMM Seed,True,WzyC,3,WzyC
ipr046073_duf6032_seed_q93qw1,-3.8000772,-1.1558554,3,HMM Seed,True,WzyB,2,WzyB
ipr046303_duf6418_seed_a0a2s2fhd5,-1.5087122,-0.6001505,3,HMM Seed,True,WzyB,2,WzyB
ipr049458_epsg_seeda0km85a0km85,0.8646586,13.447085,2,HMM Seed,True,WzyA,1,WzyA
klebsiella_kl101_12,4.7013597,12.52941,2,WzyA,True,WzyA,1,WzyA
klebsiella_kl102_08,2.2761188,12.583901,2,WzyA,True,WzyA,1,WzyA
klebsiella_kl103_12,3.1288185,12.084669,2,WzyA,True,WzyA,1,WzyA
klebsiella_kl104_12,15.639018,1.8224258,1,WzyC,True,WzyC,3,WzyC
klebsiella_kl105_13,16.657183,1.9985536,1,WzyC,True,WzyC,3,WzyC
klebsiella_kl106_07,12.704244,2.5722516,1,WzyC,True,WzyC,3,WzyC
klebsiella_kl108_11,10.144213,3.2496552,1,WzyC,True,WzyC,3,WzyC
klebsiella_kl109_12,13.455854,0.41269615,1,WzyC,True,WzyC,3,WzyC
klebsiella_kl10_14,11.412846,3.1050677,1,WzyC,True,WzyC,3,WzyC
klebsiella_kl110_09,4.5578356,12.656746,2,WzyA,True,WzyA,1,WzyA
klebsiella_kl111_07,12.429384,2.146572,1,WzyC,True,WzyC,3,WzyC
klebsiella_kl112_09,9.791577,1.2642347,1,WzyC,True,WzyC,3,WzyC
klebsiella_kl114_08,-4.9822626,-1.9492842,3,WzyB,True,WzyB,2,WzyB
klebsiella_kl115_10,3.5839136,14.407603,2,WzyA,True,WzyA,1,WzyA
klebsiella_kl116_09,4.8259788,12.657407,2,WzyA,True,WzyA,1,WzyA
klebsiella_kl117_11,13.500623,2.5096862,1,WzyC,True,WzyC,3,WzyC
klebsiella_kl118_09,0.8427167,13.742571,2,WzyA,True,WzyA,1,WzyA
klebsiella_kl119_07,10.248569,0.19877063,1,WzyC,True,WzyC,3,WzyC
klebsiella_kl11_08,1.8861493,11.637101,2,WzyA,True,WzyA,1,WzyA
klebsiella_kl120_13,4.2941246,12.438828,2,WzyA,True,WzyA,1,WzyA
klebsiella_kl121_09,13.5084095,1.9263625,1,WzyC,True,WzyC,3,WzyC
klebsiella_kl122_07,9.750507,0.7798636,1,WzyC,True,WzyC,3,WzyC
klebsiella_kl123_09,0.21338524,12.659065,2,WzyA,True,WzyA,1,WzyA
klebsiella_kl124_11,4.1767592,11.801417,2,WzyA,True,WzyA,1,WzyA
klebsiella_kl125_09,1.5265161,13.39028,2,WzyA,True,WzyA,1,WzyA
klebsiella_kl127_09,-7.971163,-1.0543315,3,WzyB,True,WzyB,2,WzyB
klebsiella_kl128_09,-1.6900876,-0.7868588,3,WzyB,True,WzyB,2,WzyB
klebsiella_kl12_12,-2.177025,-1.1677344,3,WzyB,True,WzyB,2,WzyB
klebsiella_kl130_08,10.386729,1.6469742,1,WzyC,True,WzyC,3,WzyC
klebsiella_kl131_17,1.0258954,16.552994,2,WzyA,True,WzyA,1,WzyA
klebsiella_kl132_07,10.787436,1.8346385,1,WzyC,True,WzyC,3,WzyC
klebsiella_kl133_07,10.801412,0.042998612,1,WzyC,True,WzyC,3,WzyC
klebsiella_kl134_10,6.2262664,9.1971655,2,WzyA,True,WzyA,1,WzyA
klebsiella_kl135_13,4.022669,13.533468,2,WzyA,True,WzyA,1,WzyA
klebsiella_kl136_07,2.0563407,12.216013,2,WzyA,True,WzyA,1,WzyA
klebsiella_kl137_15,3.1057312,14.427289,2,WzyA,True,WzyA,1,WzyA
klebsiella_kl138_09,3.8922405,13.234322,2,WzyA,True,WzyA,1,WzyA
klebsiella_kl139_07,0.4314635,12.656437,2,WzyA,True,WzyA,1,WzyA
klebsiella_kl13_09,11.098939,0.24885523,1,WzyC,True,WzyC,3,WzyC
klebsiella_kl140_07,2.0729659,13.387977,2,WzyA,True,WzyA,1,WzyA
klebsiella_kl141_11,12.789995,2.3968377,1,WzyC,True,WzyC,3,WzyC
klebsiella_kl142_11,14.872685,-0.7327926,1,WzyC,True,WzyC,3,WzyC
klebsiella_kl143_09,14.29694,2.1988866,1,WzyC,True,WzyC,3,WzyC
klebsiella_kl144_09,11.883747,3.3067238,1,WzyC,True,WzyC,3,WzyC
klebsiella_kl145_13,4.6422753,12.135719,2,WzyA,True,WzyA,1,WzyA
klebsiella_kl146_07,9.976939,1.1064676,1,WzyC,True,WzyC,3,WzyC
klebsiella_kl147_09,9.703946,1.3939961,1,WzyC,True,WzyC,3,WzyC
klebsiella_kl149_14,4.1962204,11.849654,2,WzyA,True,WzyA,1,WzyA
klebsiella_kl14_11,11.658931,3.1886227,1,WzyC,True,WzyC,3,WzyC
klebsiella_kl150_08,16.390953,-0.13872954,1,WzyC,True,WzyC,3,WzyC
klebsiella_kl151_11,-5.555374,-1.7246127,3,WzyB,True,WzyB,2,WzyB
klebsiella_kl152_08,4.1593924,12.446496,2,WzyA,True,WzyA,1,WzyA
klebsiella_kl153_07,11.751201,0.16544291,1,WzyC,True,WzyC,3,WzyC
klebsiella_kl154_07,9.694725,0.9226501,1,WzyC,True,WzyC,3,WzyC
klebsiella_kl155_13,-3.101654,-1.7874539,3,WzyB,True,WzyB,2,WzyB
klebsiella_kl156-d1_09,11.770431,0.36499524,1,WzyC,True,WzyC,3,WzyC
klebsiella_kl157_11,15.704336,1.5941645,1,WzyC,True,WzyC,3,WzyC
klebsiella_kl158_09,1.0432085,12.480637,2,WzyA,True,WzyA,1,WzyA
klebsiella_kl159_11,-1.2607147,1.224342,3,WzyB,True,WzyB,2,WzyB
klebsiella_kl15_12,3.1032488,12.212777,2,WzyA,True,WzyA,1,WzyA
klebsiella_kl160_07,10.960885,1.5191146,1,WzyC,True,WzyC,3,WzyC
proteus_o16_axy99476.1,-9.075547,-1.6110121,3,WzyB,True,WzyB,2,WzyB
spneumoniae_7b_cai32889.1,11.979328,3.3530598,1,WzyC,True,WzyC,3,WzyC
klebsiella_kl167_07,9.567564,1.1423551,1,WzyC,True,WzyC,3,WzyC
klebsiella_kl168_14,16.191229,1.4311744,1,WzyC,True,WzyC,3,WzyC
klebsiella_kl169_11,-1.8987898,-0.7408764,3,WzyB,True,WzyB,2,WzyB
klebsiella_kl16_08,-4.8565636,-1.8522084,3,WzyB,True,WzyB,2,WzyB
klebsiella_kl170_12,4.7168894,12.437504,2,WzyA,True,WzyA,1,WzyA
klebsiella_kl171_07,13.658301,2.3175652,1,WzyC,True,WzyC,3,WzyC
klebsiella_kl172_21,1.9705501,11.788017,2,WzyA,True,WzyA,1,WzyA
klebsiella_kl173_07,9.593801,2.7261767,1,WzyC,True,WzyC,3,WzyC
klebsiella_kl174_07,14.06492,0.16143873,1,WzyC,True,WzyC,3,WzyC
klebsiella_kl175_12,3.0294251,12.036204,2,WzyA,True,WzyA,1,WzyA
klebsiella_kl176_11,6.421583,8.991636,2,WzyA,True,WzyA,1,WzyA
klebsiella_kl177_07,11.390364,2.839101,1,WzyC,True,WzyC,3,WzyC
klebsiella_kl178_07,11.510221,3.120971,1,WzyC,True,WzyC,3,WzyC
klebsiella_kl179_08,0.5007262,13.262196,2,WzyA,True,WzyA,1,WzyA
klebsiella_kl17_07,16.434893,-0.7749676,1,WzyC,True,WzyC,3,WzyC
klebsiella_kl180_09,2.937379,13.053094,2,WzyA,True,WzyA,1,WzyA
proteus_o31ab_axy99635.1,-1.4174119,0.35241166,3,WzyB,True,WzyB,2,WzyB
proteus_o29a_axy99612.1,14.473981,2.4827197,1,WzyC,True,WzyC,3,WzyC
ypseudotuberculosis_o10_adx97403.1,9.332016,2.5896394,1,WzyC,True,WzyC,3,WzyC
klebsiella_kl20_08,10.746034,0.09786183,1,WzyC,True,WzyC,3,WzyC
klebsiella_kl21_08,10.238162,0.23151952,1,WzyC,True,WzyC,3,WzyC
klebsiella_kl22_07,13.208086,2.449911,1,WzyC,True,WzyC,3,WzyC
klebsiella_kl23_10,6.1592126,9.273967,2,WzyA,True,WzyA,1,WzyA
klebsiella_kl24_09,15.975173,-0.03303588,1,WzyC,True,WzyC,3,WzyC
klebsiella_kl25_08,14.112688,2.447173,1,WzyC,True,WzyC,3,WzyC
klebsiella_kl26_07,15.145236,0.12469173,1,WzyC,True,WzyC,3,WzyC
klebsiella_kl27_11,2.9523818,11.830305,2,WzyA,True,WzyA,1,WzyA
klebsiella_kl28_10,16.81303,0.771212,1,WzyC,True,WzyC,3,WzyC
klebsiella_kl2_10,9.717083,1.4009176,1,WzyC,True,WzyC,3,WzyC
klebsiella_kl30_10,14.733382,2.6229608,1,WzyC,True,WzyC,3,WzyC
klebsiella_kl31_09,0.226686,12.723686,2,WzyA,True,WzyA,1,WzyA
klebsiella_kl32_11,-1.3114536,1.1517825,3,WzyB,True,WzyB,2,WzyB
klebsiella_kl33_18,16.438934,-0.43248352,1,WzyC,True,WzyC,3,WzyC
klebsiella_kl34_xan29115.1,1.3916649,14.748295,2,WzyA,True,WzyA,1,WzyA
klebsiella_kl35_07,9.757775,0.7437692,1,WzyC,True,WzyC,3,WzyC
klebsiella_kl36_12,1.8946396,13.330723,2,WzyA,True,WzyA,1,WzyA
klebsiella_kl37_07,13.258312,2.4616327,1,WzyC,True,WzyC,3,WzyC
klebsiella_kl38_08,2.5540366,11.6086,2,WzyA,True,WzyA,1,WzyA
klebsiella_kl39_08,1.6688358,11.854512,2,WzyA,True,WzyA,1,WzyA
klebsiella_kl3_14,16.559464,0.9597012,1,WzyC,True,WzyC,3,WzyC
klebsiella_kl40_13,-4.434995,-2.3617218,3,WzyB,True,WzyB,2,WzyB
klebsiella_kl41_12,-1.4123758,-0.49647173,3,WzyB,True,WzyB,2,WzyB
klebsiella_kl42_09,0.705552,13.519198,2,WzyA,True,WzyA,1,WzyA
klebsiella_kl43_09,-1.3972626,-0.42038172,3,WzyB,True,WzyB,2,WzyB
klebsiella_kl44_11,16.164787,0.09508467,1,WzyC,True,WzyC,3,WzyC
klebsiella_kl45_11,-1.4642024,0.25603974,3,WzyB,True,WzyB,2,WzyB
klebsiella_kl46_09,9.553608,1.0890131,1,WzyC,True,WzyC,3,WzyC
klebsiella_kl47_11,-1.396693,0.95822555,3,WzyB,True,WzyB,2,WzyB
klebsiella_kl48_10,2.7453492,15.155026,2,WzyA,True,WzyA,1,WzyA
klebsiella_kl49_08,-1.8172398,-0.93475807,3,WzyB,True,WzyB,2,WzyB
klebsiella_kl4_15,10.512074,0.10645209,1,WzyC,True,WzyC,3,WzyC
klebsiella_kl51_09,6.411284,9.002384,2,WzyA,True,WzyA,1,WzyA
klebsiella_kl52_13,4.213734,12.456786,2,WzyA,True,WzyA,1,WzyA
klebsiella_kl53_10,3.7881866,13.179225,2,WzyA,True,WzyA,1,WzyA
klebsiella_kl54_09,14.5151825,-0.8471124,1,WzyC,True,WzyC,3,WzyC
klebsiella_kl55_11,14.769955,2.715919,1,WzyC,True,WzyC,3,WzyC
klebsiella_kl56_13,0.20694262,12.653473,2,WzyA,True,WzyA,1,WzyA
klebsiella_kl57_11,12.201111,3.3173654,1,WzyC,True,WzyC,3,WzyC
klebsiella_kl58_09,-3.966399,-1.162577,3,WzyB,True,WzyB,2,WzyB
klebsiella_kl59_07,1.5687549,12.083752,2,WzyA,True,WzyA,1,WzyA
klebsiella_kl5_07,10.892935,3.0994728,1,WzyC,True,WzyC,3,WzyC
klebsiella_kl60_07,1.0504915,12.407018,2,WzyA,True,WzyA,1,WzyA
klebsiella_kl61_09,10.874229,2.7885015,1,WzyC,True,WzyC,3,WzyC
klebsiella_kl62_11,12.433018,2.2370534,1,WzyC,True,WzyC,3,WzyC
klebsiella_kl63_10,-7.9783454,-1.070236,3,WzyB,True,WzyB,2,WzyB
klebsiella_kl64_10,10.826156,2.7165797,1,WzyC,True,WzyC,3,WzyC
klebsiella_kl65_07,1.2986001,12.161867,2,WzyA,True,WzyA,1,WzyA
klebsiella_kl66_09,15.216681,1.2642593,1,WzyC,True,WzyC,3,WzyC
klebsiella_kl67_07,2.7665322,14.9731455,2,WzyA,True,WzyA,1,WzyA
klebsiella_kl68_12,16.144363,1.771773,1,WzyC,True,WzyC,3,WzyC
klebsiella_kl69_10,15.8754635,1.8727142,1,WzyC,True,WzyC,3,WzyC
klebsiella_kl6_07,14.764639,1.7045621,1,WzyC,True,WzyC,3,WzyC
klebsiella_kl70_10,0.92440116,13.573842,2,WzyA,True,WzyA,1,WzyA
klebsiella_kl71_13,16.482244,2.175515,1,WzyC,True,WzyC,3,WzyC
klebsiella_kl72_12,-1.3600698,0.8142567,3,WzyB,True,WzyB,2,WzyB
klebsiella_kl74_11,15.22904,1.7091563,1,WzyC,True,WzyC,3,WzyC
klebsiella_kl79_12,4.735068,12.545527,2,WzyA,True,WzyA,1,WzyA
klebsiella_kl7_10,0.7361108,12.313343,2,WzyA,True,WzyA,1,WzyA
klebsiella_kl80_bat24408.1,15.984193,1.7158753,1,WzyC,True,WzyC,3,WzyC
klebsiella_kl81_09,2.565086,12.928772,2,WzyA,True,WzyA,1,WzyA
klebsiella_kl82_09,0.41078877,13.382636,2,WzyA,True,WzyA,1,WzyA
klebsiella_kl8_07,2.2123322,14.419315,2,WzyA,True,WzyA,1,WzyA
klebsiella_kl9_10,-1.6425972,-0.800215,3,WzyB,True,WzyB,2,WzyB
klebsiella_waal_aad37765.1,9.433966,2.683885,1,ligases,True,WzyC,3,WzyC
myxococcus_waal_abf89195.1,12.0491905,3.4525423,1,ligases,True,WzyC,3,WzyC
neisseria_meningitidis_pgll_aek98518.1,16.755949,0.9515468,1,ligases,True,WzyC,3,WzyC
nf033860_wzy_o6_o28_seed_a0a4q7bkv0,-5.4020104,-1.535678,3,HMM Seed,True,WzyB,2,WzyB
nf041436_wzy_strepto_seed_a0a822w5q0,9.650497,1.3418294,1,HMM Seed,True,WzyC,3,WzyC
nf041870_wzy_eps_a0a554gry5,13.665985,-0.28964567,1,Missing,True,WzyC,3,WzyC
paeruginosa,13.531538,1.2686527,1,ligases,True,WzyC,3,WzyC
paeruginosa_o16_prophage_abm21470.1,9.540457,1.1899618,1,WzyC,True,WzyC,3,WzyC
paeruginosa_o18_aam27693.1,-1.1682816,1.8075415,3,WzyB,True,WzyB,2,WzyB
paeruginosa_o19_aam27711.1,-2.8335059,-1.7648226,3,WzyB,True,WzyB,2,WzyB
paeruginosa_o1_aam27546.1,-9.591819,-1.6785929,3,WzyB,True,WzyB,2,WzyB
paeruginosa_o20_aam27748.1,-1.1556892,1.8148793,3,WzyB,True,WzyB,2,WzyB
paeruginosa_o2_prophage_abm21469.1,9.531307,1.2424508,1,WzyC,True,WzyC,3,WzyC
paeruginosa_o3_aam27766.1,16.215755,1.2806916,1,WzyC,True,WzyC,3,WzyC
paeruginosa_o4_aam27782.1,9.860365,2.1974902,1,WzyC,True,WzyC,3,WzyC
paeruginosa_o5_aag06542.1,-1.1371961,1.7995863,3,WzyB,True,WzyB,2,WzyB
paeurginosa_o10_aam27560.1,-2.9301915,-1.7874194,3,Missing,True,WzyB,2,WzyB
paeurginosa_o11_aam27574.1,14.029108,2.1909208,1,Missing,True,WzyC,3,WzyC
paeurginosa_o12_aam27595.1,-8.957028,-1.5726683,3,Missing,True,WzyB,2,WzyB
paeurginosa_o13_aam27615.1,14.770236,3.003129,1,Missing,True,WzyC,3,WzyC
paeurginosa_o15_lory_aam27645.1,16.209345,0.92166996,1,Missing,True,WzyC,3,WzyC
paeurginosa_o7_aam27831.1,14.699764,-0.033377312,1,Missing,True,WzyC,3,WzyC
paeurginosa_o8_aam27851.1,11.046903,2.0211735,1,Missing,True,WzyC,3,WzyC
paeurginosa_o9_aam27879.1,2.043621,12.36349,2,Missing,True,WzyA,1,WzyA
proteus_o10_adl32296.1,-3.9432156,-1.2387003,3,WzyB,True,WzyB,2,WzyB
proteus_o11_axy99417.1,12.392561,2.3033657,1,WzyC,True,WzyC,3,WzyC
proteus_o12_axy99432.1,1.3884399,12.320369,2,WzyA,True,WzyA,1,WzyA
proteus_o13_axy99447.1,3.786829,14.791897,2,WzyA,True,WzyA,1,WzyA
proteus_o14ab_axy99463.1,2.2215743,12.625157,2,WzyA,True,WzyA,1,WzyA
spneumoniae_9l_cai32993.1,13.664762,-0.6395398,1,WzyC,True,WzyC,3,WzyC
proteus_o19a_axy99523.1,2.2484581,14.482943,2,WzyA,True,WzyA,1,WzyA
proteus_o1_axy99318.1,3.0354857,12.199696,2,WzyA,True,WzyA,1,WzyA
proteus_o20_axy99542.1,11.410351,3.1302352,1,WzyC,True,WzyC,3,WzyC
proteus_o21_axy99555.1,16.320534,0.97456646,1,WzyC,True,WzyC,3,WzyC
proteus_o23a_23c_adl32314.1,-1.1121348,2.0158114,3,WzyB,True,WzyB,2,WzyB
proteus_o24_axy99570.1,14.457213,2.4121873,1,WzyC,True,WzyC,3,WzyC
proteus_o25_axy99585.1,16.405369,2.2606485,1,WzyC,True,WzyC,3,WzyC
proteus_o26_axy99601.1,15.580129,1.6094753,1,WzyC,True,WzyC,3,WzyC
proteus_o27_adl32320.1,1.2581813,13.299426,2,WzyA,True,WzyA,1,WzyA
proteus_o28_axz00116.1,14.586323,2.3858309,1,WzyC,True,WzyC,3,WzyC
vibrio_cholerae_waal_aal76926.1,10.109474,3.410591,1,ligases,True,WzyC,3,WzyC
ypseudotuberculosis_o3_ajj60823.1,-9.826503,-1.0655205,3,WzyB,True,WzyB,2,WzyB
proteus_o3a_3c_adl32282.1,1.137797,12.241928,2,WzyA,True,WzyA,1,WzyA
proteus_o40_axy99727.1,0.5048249,13.942797,2,WzyA,True,WzyA,1,WzyA
proteus_o41_axy99743.1,2.4077723,12.711278,2,WzyA,True,WzyA,1,WzyA
proteus_o42_axy99754.1,-9.215782,-1.11054,3,WzyB,True,WzyB,2,WzyB
proteus_o44_axy99768.1,13.53618,1.4438715,1,WzyC,True,WzyC,3,WzyC
proteus_o45_axy99788.1,0.8921743,16.570602,2,WzyA,True,WzyA,1,WzyA
proteus_o45_axy99801.1,14.536201,0.8985796,1,Missing,True,WzyC,3,WzyC
proteus_o47_adl32336.1,9.932747,2.2200966,1,WzyC,True,WzyC,3,WzyC
proteus_o50_axy99813.1,4.0646906,14.895707,2,WzyA,True,WzyA,1,WzyA
proteus_o51_axy99835.1,6.18795,9.248367,2,WzyA,True,WzyA,1,WzyA
proteus_o52_axy99843.1,10.469947,1.8330948,1,WzyC,True,WzyC,3,WzyC
proteus_o53_axy99857.1,1.1418734,12.539461,2,WzyA,True,WzyA,1,WzyA
proteus_o54ab_axy99873.1,-9.935002,-1.1517729,3,WzyB,True,WzyB,2,WzyB
proteus_o55_axy99885.1,-4.678374,-2.600344,3,WzyB,True,WzyB,2,WzyB
proteus_o56_axy99906.1,-2.9282231,-1.6695793,3,WzyB,True,WzyB,2,WzyB
proteus_o57_axy99926.1,12.994878,2.3226142,1,WzyC,True,WzyC,3,WzyC
proteus_o58_axy99943.1,9.38446,2.641441,1,WzyC,True,WzyC,3,WzyC
proteus_o59_axy99961.1,10.55337,1.8957262,1,WzyC,True,WzyC,3,WzyC
proteus_o5_axy99352.1,12.134827,0.655918,1,WzyC,True,WzyC,3,WzyC
proteus_o60_axz00132.1,16.679743,-0.15669957,1,WzyC,True,WzyC,3,WzyC
proteus_o61_axy99974.1,14.732197,-0.022885825,1,WzyC,True,WzyC,3,WzyC
proteus_o62_axy99991.1,4.1848598,14.690343,2,WzyA,True,WzyA,1,WzyA
proteus_o65_axz00003.1,16.466154,2.139146,1,WzyC,True,WzyC,3,WzyC
proteus_o67_axz00013.1,12.787762,2.27246,1,WzyC,True,WzyC,3,WzyC
proteus_o69_axz00032.1,14.673172,2.7367659,1,WzyC,True,WzyC,3,WzyC
proteus_o6_axy99368.1,16.116034,0.32230482,1,WzyC,True,WzyC,3,WzyC
proteus_o71_axz00047.1,2.5776703,12.93392,2,WzyA,True,WzyA,1,WzyA
proteus_o72ab_axz00060.1,13.889961,-0.72917914,1,WzyC,True,WzyC,3,WzyC
proteus_o73ab_axz00072.1,1.7764465,13.364343,2,WzyA,True,WzyA,1,WzyA
proteus_o74_axz00085.1,-7.6625333,-1.5271741,3,WzyB,True,WzyB,2,WzyB
proteus_o75_axz00101.1,2.1243389,11.92343,2,WzyA,True,WzyA,1,WzyA
proteus_o8_axy99381.1,-7.8468657,-1.4109012,3,WzyB,True,WzyB,2,WzyB
proteus_o9_axy99400.1,-1.6898489,-0.8530428,3,WzyA,True,WzyB,1,WzyA
proteus_waal_car46213.1,9.848578,3.2326045,1,ligases,True,WzyC,3,WzyC
salmonella_a_aav77445.1,-4.619865,-2.5357227,3,WzyB,True,WzyB,2,WzyB
salmonella_b1_aaa27210.1,-4.6224957,-2.5616138,3,WzyB,True,WzyB,2,WzyB
salmonella_b2_acf92750.1,-2.6787457,-1.6440207,3,WzyB,True,WzyB,2,WzyB
salmonella_c1_aab49386.1,1.8507056,11.754416,2,WzyA,True,WzyA,1,WzyA
salmonella_c2_acf64132.1,10.6921425,2.976502,1,WzyC,True,WzyC,3,WzyC
salmonella_d1_ach74809.1,-4.6154027,-2.5483043,3,WzyB,True,WzyB,2,WzyB
salmonella_d2_ags07363.1,-2.1430168,-1.1277907,3,WzyB,True,WzyB,2,WzyB
salmonella_d3_ags07346.1,-3.281715,-1.9851065,3,WzyB,True,WzyB,2,WzyB
salmonella_e_caa43077.1,-1.5542282,-0.5341489,3,WzyB,True,WzyB,2,WzyB
salmonella_o11_afw04820.1,0.89987457,13.633911,2,WzyA,True,WzyA,1,WzyA
salmonella_o13_abp35578.1,-1.40478,-0.50390047,3,WzyB,True,WzyB,2,WzyB
salmonella_o16_adv17638.1,4.4262657,11.633113,2,WzyA,True,WzyA,1,WzyA
salmonella_o17_abl63455.1,16.422314,1.0845321,1,WzyC,True,WzyC,3,WzyC
salmonella_o18_abl63451.1,-9.103232,-0.953652,3,WzyB,True,WzyB,2,WzyB
salmonella_o21_afw04741.1,14.062355,0.474441,1,WzyC,True,WzyC,3,WzyC
salmonella_o28_aco40479.1,-8.0721245,-0.97390634,3,WzyB,True,WzyB,2,WzyB
salmonella_o30_aav34507.1,-2.8782513,-1.385237,3,WzyB,True,WzyB,2,WzyB
salmonella_o35_aak83017.1,9.3153715,2.6322246,1,WzyC,True,WzyC,3,WzyC
salmonella_o38_adv17634.1,1.4954252,11.977593,2,WzyA,True,WzyA,1,WzyA
salmonella_o39_afw04696.1,9.922591,0.32206857,1,WzyC,True,WzyC,3,WzyC
salmonella_o40_afw04706.1,-8.763651,-1.4580103,3,WzyB,True,WzyB,2,WzyB
salmonella_o41_acj26814.1,-9.532794,-0.94941676,3,WzyB,True,WzyB,2,WzyB
salmonella_o42_afw04812.1,3.8177528,13.420471,2,WzyA,True,WzyA,1,WzyA
salmonella_o43_afw04802.1,-8.846507,-0.9040661,3,WzyB,True,WzyB,2,WzyB
salmonella_o44_afw04828.1,14.131344,2.4948575,1,WzyC,True,WzyC,3,WzyC
salmonella_o45_afw04716.1,15.217159,0.23438267,1,WzyC,True,WzyC,3,WzyC
salmonella_o47_afw04867.1,1.5907009,13.198226,2,WzyA,True,WzyA,1,WzyA
salmonella_o48_afw04668.1,12.669539,2.333504,1,WzyC,True,WzyC,3,WzyC
salmonella_o50_aav34523.1,1.7642927,11.683155,2,WzyA,True,WzyA,1,WzyA
salmonella_o51_afw04888.1,1.825389,11.697786,2,WzyA,True,WzyA,1,WzyA
salmonella_o52_afw04790.1,-4.7205024,-2.6268067,3,WzyB,True,WzyB,2,WzyB
salmonella_o53_afw04837.1,15.698644,0.4224005,1,WzyC,True,WzyC,3,WzyC
salmonella_o55_adi39344.1,4.130573,12.130123,2,WzyA,True,WzyA,1,WzyA
salmonella_o56_adi77005.1,-8.367212,-0.9121959,3,WzyB,True,WzyB,2,WzyB
salmonella_o57_afw04883.1,1.9926711,13.360654,2,WzyA,True,WzyA,1,WzyA
salmonella_o58_acj26787.1,-3.8143063,-1.1376206,3,WzyB,True,WzyB,2,WzyB
salmonella_o59_afw04847.1,11.136789,0.06028127,1,WzyC,True,WzyC,3,WzyC
salmonella_o60_afw04860.1,3.9255471,14.777465,2,WzyA,True,WzyA,1,WzyA
salmonella_o61_afw04757.1,-6.491596,-1.9783863,3,WzyB,True,WzyB,2,WzyB
salmonella_o62_afw04785.1,3.8373473,14.0610895,2,WzyA,True,WzyA,1,WzyA
salmonella_o63_afw04735.1,4.778464,12.485464,2,WzyA,True,WzyA,1,WzyA
salmonella_o65_afw04684.1,1.1355137,13.374705,2,WzyA,True,WzyA,1,WzyA
salmonella_o6_14_aaq91207.1,-8.497978,-1.2881004,3,WzyB,True,WzyB,2,WzyB
shigella_b10_aaw29815.1,2.2744546,15.143131,2,WzyA,True,WzyA,1,WzyA
shigella_b11_aas98031.1,1.0017825,12.538166,2,WzyA,True,WzyA,1,WzyA
shigella_b12_acd37026.1,13.386602,-0.5775874,1,WzyC,True,WzyC,3,WzyC
shigella_b13_aar24270.1,-9.16949,-1.1727378,3,WzyB,True,WzyB,2,WzyB
shigella_b14_acd37051.1,14.453131,2.4537036,1,WzyC,True,WzyC,3,WzyC
shigella_b15_acd37078.1,4.6881227,12.206408,2,WzyA,True,WzyA,1,WzyA
shigella_b16_abd19779.1,9.6042795,0.92239165,1,WzyC,True,WzyC,3,WzyC
shigella_b17_abi55342.1,1.3874482,13.179742,2,WzyA,True,WzyA,1,WzyA
shigella_b18_aay23339.1,-1.3502398,1.0015146,3,WzyB,True,WzyB,2,WzyB
shigella_b1_ugn72586.1,2.8299532,14.337871,2,WzyA,True,WzyA,1,WzyA
shigella_b2_acd37126.1,-1.4930848,-0.596391,3,WzyB,True,WzyB,2,WzyB
shigella_b3_acd37037.1,10.325122,1.9622216,1,WzyC,True,WzyC,3,WzyC
shigella_b4_aal27318.1,9.851737,0.43426824,1,WzyC,True,WzyC,3,WzyC
shigella_b5_aal27327.1,-1.5364993,0.14928995,3,WzyB,True,WzyB,2,WzyB
shigella_b6_aal27339.1,2.2820966,15.137835,2,WzyA,True,WzyA,1,WzyA
shigella_b7_acd37072.1,-4.615957,-2.6122656,3,WzyB,True,WzyB,2,WzyB
shigella_b8_aca24754.1,16.843292,1.4717122,1,WzyC,True,WzyC,3,WzyC
shigella_b9_aal27351.1,-1.6305238,-0.8043048,3,WzyB,True,WzyB,2,WzyB
shigella_d10_aca24912.1,16.781948,1.9262478,1,WzyC,True,WzyC,3,WzyC
shigella_d11_aca24840.1,2.16304,12.845808,2,WzyA,True,WzyA,1,WzyA
shigella_d12_aca24811.1,0.69017184,13.648805,2,WzyA,True,WzyA,1,WzyA
shigella_d13_aca24792.1,4.2122107,12.404264,2,WzyA,True,WzyA,1,WzyA
shigella_d1_ugn72378.1,-3.9913206,-1.1584857,3,WzyB,True,WzyB,2,WzyB
shigella_d2_acd37006.1,14.135101,2.375606,1,WzyC,True,WzyC,3,WzyC
shigella_d3_acd37105.1,2.209126,12.564283,2,WzyA,True,WzyA,1,WzyA
shigella_d4_acd36984.1,14.641771,2.8115678,1,WzyC,True,WzyC,3,WzyC
spneumoniae_9n_cai33011.1,13.686727,-0.45937932,1,WzyC,True,WzyC,3,WzyC
spneumoniae_9v_cai33029.1,10.754232,0.08528638,1,WzyC,True,WzyC,3,WzyC
shigella_d5_aca24868.1,10.66167,1.9334251,1,WzyC,True,WzyC,3,WzyC
shigella_d7_aar97964.1,-4.006372,-1.1734558,3,WzyB,True,WzyB,2,WzyB
shigella_d8_aca24776.1,0.912305,14.916651,2,WzyA,True,WzyA,1,WzyA
shigella_d9_acd37111.1,16.11434,-0.027426433,1,WzyC,True,WzyC,3,WzyC
shigella_f2_ugn72493.1,11.754439,0.3493649,1,WzyC,True,WzyC,3,WzyC
shigella_f6_aca24772.1,14.289147,2.4872172,1,WzyC,True,WzyC,3,WzyC
spneumoniae_10a_cai33048.1,3.8565893,13.163531,2,WzyA,True,WzyA,1,WzyA
spneumoniae_10b_cai34733.1,4.0781136,12.4391985,2,WzyA,True,WzyA,1,WzyA
spneumoniae_10c_cai33084.1,3.7998018,12.832509,2,WzyA,True,WzyA,1,WzyA
spneumoniae_10d_39x,1.7350206,16.752918,2,WzyA,True,WzyA,1,WzyA
spneumoniae_10f_cai33105.1,3.9242542,12.69421,2,WzyA,True,WzyA,1,WzyA
spneumoniae_11a_cai33128.1,13.491953,-0.41099507,1,WzyC,True,WzyC,3,WzyC
ypseudotuberculosis_o4a_aka20966.1,-8.51467,-1.398369,3,WzyB,True,WzyB,2,WzyB
ypseudotuberculosis_o4b_aan23057.1,6.4526725,8.959795,2,WzyA,True,WzyA,1,WzyA
ypseudotuberculosis_o5a_aka20981.1,-3.1741593,-1.9828166,3,WzyB,True,WzyB,2,WzyB
ypseudotuberculosis_o5b_aka20999.1,-4.6245356,-2.4643562,3,WzyB,True,WzyB,2,WzyB
ypseudotuberculosis_o6_aep25500.1,4.348788,11.623251,2,WzyA,True,WzyA,1,WzyA
ypseudotuberculosis_o7_aep25477.1,13.630279,1.1609409,1,WzyC,True,WzyC,3,WzyC
ypseudotuberculosis_o1a_aan23041.1,6.4569516,8.955222,2,WzyA,True,WzyA,1,WzyA
ypseudotuberculosis_o1b_cab63298.1,-9.446363,-1.4004115,3,WzyB,True,WzyB,2,WzyB
vibrio_cholerae_pgll_wp_001883229.1,15.833559,0.42690134,1,ligases,True,WzyC,3,WzyC
spneumoniae_11b_cai33149.1,14.76281,-0.8172044,1,WzyC,True,WzyC,3,WzyC
spneumoniae_11c_cai33169.1,14.795617,-0.7852782,1,WzyC,True,WzyC,3,WzyC
spneumoniae_11d_cai33188.1,13.477859,-0.3941267,1,WzyC,True,WzyC,3,WzyC
spneumoniae_11e_adn28010.1,13.529766,-0.39053187,1,WzyC,True,WzyC,3,WzyC
spneumoniae_11f_cai33207.1,13.678404,-0.51982135,1,WzyC,True,WzyC,3,WzyC
spneumoniae_12a_cai33226.1,14.929289,1.380109,1,WzyC,True,WzyC,3,WzyC
spneumoniae_12b_cai33252.1,12.324636,2.0240605,1,WzyC,True,WzyC,3,WzyC
spneumoniae_12f_cai33278.1,12.339795,2.0637805,1,WzyC,True,WzyC,3,WzyC
spneumoniae_13_cai33309.1,14.983741,-0.65840197,1,WzyC,True,WzyC,3,WzyC
spneumoniae_14_cai33324.1,15.793997,2.6187923,1,WzyC,True,WzyC,3,WzyC
spneumoniae_15a_cai33343.1,12.65405,2.495253,1,WzyC,True,WzyC,3,WzyC
spneumoniae_15b_cai33366.1,15.058229,2.9485831,1,WzyC,True,WzyC,3,WzyC
spneumoniae_15c_cai33389.1,15.059086,2.9616296,1,WzyC,True,WzyC,3,WzyC
spneumoniae_15f_cai33412.1,13.287871,2.1348686,1,WzyC,True,WzyC,3,WzyC
spneumoniae_16a_cai33441.1,15.532432,0.22703609,1,WzyC,True,WzyC,3,WzyC
spneumoniae_16f_cai33466.1,16.180563,1.188118,1,WzyC,True,WzyC,3,WzyC
spneumoniae_17a_cai33491.1,12.001408,0.897886,1,WzyC,True,WzyC,3,WzyC
spneumoniae_17f_cai33515.1,10.358514,0.24803779,1,WzyC,True,WzyC,3,WzyC
spneumoniae_18a_cai33537.1,12.1054945,3.4181828,1,WzyC,True,WzyC,3,WzyC
spneumoniae_18b_cai33561.1,10.954985,3.0759528,1,WzyC,True,WzyC,3,WzyC
spneumoniae_18c_cai33585.1,10.963511,3.1196694,1,WzyC,True,WzyC,3,WzyC
spneumoniae_18f_cai33610.1,10.823502,3.110691,1,WzyC,True,WzyC,3,WzyC
spneumoniae_19a_cai33631.1,-5.4149623,-1.6202692,3,WzyB,True,WzyB,2,WzyB
spneumoniae_19b_cai33652.1,13.308143,-0.014152731,1,WzyC,True,WzyC,3,WzyC
spneumoniae_19c_cai33675.1,13.316059,-0.019260481,1,WzyC,True,WzyC,3,WzyC
spneumoniae_19f_cai33700.1,-4.7123594,-2.2230036,3,WzyB,True,WzyB,2,WzyB
spneumoniae_1_cai32705.1,-5.2079825,-1.7946593,3,WzyB,True,WzyB,2,WzyB
spneumoniae_20a_cai33718.1,0.06547802,12.837904,2,WzyA,True,WzyA,1,WzyA
spneumoniae_20b_afn40464.1,0.13815646,12.824849,2,WzyA,True,WzyA,1,WzyA
spneumoniae_21_cai33745.1,10.954791,2.1520536,1,WzyC,True,WzyC,3,WzyC
spneumoniae_22a_cai33774.1,-2.2963495,-1.2578735,3,WzyB,True,WzyB,2,WzyB
spneumoniae_22f_cai33798.1,-2.3062027,-1.268803,3,WzyB,True,WzyB,2,WzyB
spneumoniae_23a_cai33817.1,15.659592,-0.41696733,1,WzyC,True,WzyC,3,WzyC
spneumoniae_23b_cai33840.1,10.933648,1.424587,1,WzyC,True,WzyC,3,WzyC
spneumoniae_23f_cai33862.1,11.037409,1.2510427,1,WzyC,True,WzyC,3,WzyC
spneumoniae_24a_cai33890.1,13.093751,1.2764329,1,WzyC,True,WzyC,3,WzyC
spneumoniae_24b_1_cai33915.1,11.912683,1.8212298,1,WzyC,True,WzyC,3,WzyC
spneumoniae_24c_24x_up74135.1,11.884053,1.7900921,1,WzyC,True,WzyC,3,WzyC
spneumoniae_24f_1_cai33941.1,11.906674,1.8025048,1,WzyC,True,WzyC,3,WzyC
spneumoniae_25a_cai33966.2,-9.517486,-1.7747897,3,WzyB,True,WzyB,2,WzyB
spneumoniae_25f_cai33983.1,-9.548708,-1.7480161,3,WzyB,True,WzyB,2,WzyB
spneumoniae_27_cai34008.1,1.8615496,13.343611,2,WzyA,True,WzyA,1,WzyA
spneumoniae_28a_cai34032.1,10.246373,3.250483,1,WzyC,True,WzyC,3,WzyC
spneumoniae_28f_cai34057.2,10.305174,3.2464411,1,WzyC,True,WzyC,3,WzyC
spneumoniae_29_cai34080.1,15.71375,0.41949472,1,WzyC,True,WzyC,3,WzyC
spneumoniae_2_cai32727.1,10.162902,3.2543223,1,WzyC,True,WzyC,3,WzyC
spneumoniae_31_cai34099.1,14.702623,2.7598221,1,WzyC,True,WzyC,3,WzyC
spneumoniae_32a_cai34124.1,9.574584,2.7334752,1,WzyC,True,WzyC,3,WzyC
spneumoniae_32f_cai34150.1,9.550807,2.7464797,1,WzyC,True,WzyC,3,WzyC
spneumoniae_33a_cai34177.1,12.069901,0.6524978,1,WzyC,True,WzyC,3,WzyC
spneumoniae_33b_cai34198.1,14.486423,0.033931974,1,WzyC,True,WzyC,3,WzyC
spneumoniae_33c_cai34217.1,13.826206,-0.72187227,1,WzyC,True,WzyC,3,WzyC
spneumoniae_33d_cai34236.1,14.701049,-0.036109343,1,WzyC,True,WzyC,3,WzyC
spneumoniae_33f_cai34254.1,12.076717,0.6222413,1,WzyC,True,WzyC,3,WzyC
spneumoniae_33g_wnt95670.1,15.142865,1.1123585,1,WzyC,True,WzyC,3,WzyC
spneumoniae_34_cai34269.1,-9.08921,-0.91392905,3,WzyB,True,WzyB,2,WzyB
spneumoniae_35a_cai34286.1,15.882229,0.029040916,1,WzyC,True,WzyC,3,WzyC
spneumoniae_35b_cai34310.1,13.4442625,-0.42058432,1,WzyC,True,WzyC,3,WzyC
spneumoniae_35c_cai34328.1,14.898678,-0.33503863,1,WzyC,True,WzyC,3,WzyC
spneumoniae_35d_aqs23546.1,13.427455,-0.42201146,1,WzyC,True,WzyC,3,WzyC
spneumoniae_35f_cai34348.1,15.318902,-0.57704175,1,WzyC,True,WzyC,3,WzyC
spneumoniae_36_cai34369.1,14.683771,-0.85636693,1,WzyC,True,WzyC,3,WzyC
spneumoniae_37_cai34388.1,11.975829,0.5138739,1,WzyC,True,WzyC,3,WzyC
spneumoniae_38_cai34407.1,-9.407124,-1.8282946,3,WzyB,True,WzyB,2,WzyB
spneumoniae_39_cai34436.1,1.7956873,16.78393,2,WzyA,True,WzyA,1,WzyA
spneumoniae_40_cai34454.1,12.11577,3.4461823,1,WzyC,True,WzyC,3,WzyC
spneumoniae_41a_cai34475.1,9.993453,1.1615967,1,WzyC,True,WzyC,3,WzyC
spneumoniae_41f_cai34498.1,10.085071,1.3782028,1,WzyC,True,WzyC,3,WzyC
spneumoniae_42_cai34519.1,14.867604,-0.32295674,1,WzyC,True,WzyC,3,WzyC
spneumoniae_43_cai34544.1,16.817514,0.7819852,1,WzyC,True,WzyC,3,WzyC
spneumoniae_44_cai34753.1,12.343285,2.070778,1,WzyC,True,WzyC,3,WzyC
spneumoniae_45_cai34587.1,1.2926068,13.069962,2,WzyA,True,WzyA,1,WzyA
spneumoniae_46_cai34613.1,15.175304,1.1203399,1,WzyC,True,WzyC,3,WzyC
spneumoniae_47a_cai34641.1,16.785978,0.6317452,1,WzyC,True,WzyC,3,WzyC
spneumoniae_47f_cai34657.1,15.527658,-0.52237403,1,WzyC,True,WzyC,3,WzyC
spneumoniae_48_cai34680.1,12.028779,3.4751265,1,WzyC,True,WzyC,3,WzyC
spneumoniae_4_cai32772.1,-8.006451,-1.1109627,3,WzyB,True,WzyB,2,WzyB
spneumoniae_5_cai32797.1,10.913076,2.2111359,1,WzyC,True,WzyC,3,WzyC
spneumoniae_6a_cai32823.1,-6.7484403,-2.3307924,3,WzyB,True,WzyB,2,WzyB
spneumoniae_6b_cai32843.1,-6.8568144,-2.195038,3,WzyB,True,WzyB,2,WzyB
spneumoniae_6c_aeo88686.1,-6.7918863,-2.3652515,3,WzyB,True,WzyB,2,WzyB
spneumoniae_6d_ado95346.1,-6.747723,-2.3120103,3,WzyB,True,WzyB,2,WzyB
spneumoniae_6e_sbt85383.1,-6.841287,-2.295628,3,WzyB,True,WzyB,2,WzyB
spneumoniae_6f_ahf51336.1,-6.797924,-2.2538466,3,WzyB,True,WzyB,2,WzyB
spneumoniae_6g_ahf51351.1,-6.6546493,-2.443532,3,WzyB,True,WzyB,2,WzyB
spneumoniae_7a_cai32867.1,12.246246,2.250782,1,WzyC,True,WzyC,3,WzyC
