ID,fraction_disordered,has_clash,ptm,ranking_score,num_recycles,Truth,Model
proteus_o54ab_axy99873.1,0.02,0.0,0.92,0.94,,WzyB,True
abaumannii_kl157,0.0,0.0,0.91,0.91,,WzyB,True
ipr009630_duf1229_seed_q8f5m4,0.05,0.0,0.88,0.9,,HMM Seed,True
abaumannii_kl160,0.0,0.0,0.94,0.94,,WzyA,True
abaumannii_kl139,0.0,0.0,0.89,0.89,,WzyB,True
ecoli_o164_acd37146.1,0.0,0.0,0.91,0.91,,WzyA,True
spneumoniae_16f_cai33466.1,0.04,0.0,0.9,0.92,,WzyC,True
klebsiella_kl142_11,0.02,0.0,0.9,0.91,,WzyC,True
klebsiella_kl45_11,0.03,0.0,0.9,0.92,,WzyB,True
spneumoniae_22f_cai33798.1,0.0,0.0,0.89,0.89,,WzyB,True
spneumoniae_28f_cai34057.2,0.0,0.0,0.89,0.89,,WzyC,True
ecoli_o140_aig62480.1,0.03,0.0,0.88,0.9,,WzyA,True
abaumannii_kl69,0.01,0.0,0.92,0.93,,WzyC,True
shigella_f2_ugn72493.1,0.0,0.0,0.91,0.91,,WzyC,True
spneumoniae_41a_cai34475.1,0.0,0.0,0.87,0.87,,WzyC,True
nf041870_wzy_eps_a0a554gry5,0.05,0.0,0.91,0.94,,Missing,True
abaumannii_kl201,0.0,0.0,0.9,0.9,,WzyB,True
spneumoniae_4_cai32772.1,0.0,0.0,0.92,0.92,,WzyB,True
abaumannii_kl236,0.02,0.0,0.9,0.91,,WzyB,True
abaumannii_kl30,0.0,0.0,0.92,0.92,,WzyC,True
spneumoniae_6b_cai32843.1,0.01,0.0,0.92,0.92,,WzyB,True
proteus_o52_axy99843.1,0.0,0.0,0.9,0.9,,WzyC,True
abaumannii_kl83,0.0,0.0,0.92,0.92,,WzyA,True
klebsiella_kl134_10,0.03,0.0,0.9,0.92,,WzyA,True
klebsiella_kl14_11,0.02,0.0,0.9,0.91,,WzyC,True
ecoli_ox25_ajr19416.1,0.02,0.0,0.92,0.93,,WzyA,True
ecoli_o182_aig62775.1,0.05,0.0,0.86,0.89,,WzyC,True
proteus_o13_axy99447.1,0.0,0.0,0.93,0.93,,WzyA,True
ypseudotuberculosis_o4a_aka20966.1,0.0,0.0,0.9,0.9,,WzyB,True
abaumannii_kl164,0.0,0.0,0.91,0.91,,WzyA,True
paeruginosa_o4_aam27782.1,0.01,0.0,0.83,0.83,,WzyC,True
abaumannii_kl153,0.0,0.0,0.93,0.93,,WzyC,True
klebsiella_kl4_15,0.04,0.0,0.9,0.92,,WzyC,True
spneumoniae_35f_cai34348.1,0.04,0.0,0.92,0.94,,WzyC,True
klebsiella_kl119_07,0.02,0.0,0.91,0.92,,WzyC,True
ecoli_o24_aig62584.1,0.0,0.0,0.92,0.92,,WzyA,True
shigella_b6_aal27339.1,0.0,0.0,0.88,0.88,,WzyA,True
klebsiella_kl59_07,0.04,0.0,0.9,0.92,,WzyA,True
ecoli_o10_aig62532.1,0.0,0.0,0.94,0.94,,WzyA,True
spneumoniae_39_cai34436.1,0.0,0.0,0.93,0.93,,WzyA,True
shigella_b11_aas98031.1,0.0,0.0,0.93,0.93,,WzyA,True
salmonella_c1_aab49386.1,0.0,0.0,0.92,0.92,,WzyA,True
abaumannii_kl34,0.0,0.0,0.93,0.93,,WzyC,True
abaumannii_kl232,0.02,0.0,0.9,0.91,,WzyB,True
klebsiella_kl163_08,0.0,0.0,0.93,0.93,,WzyC,True
klebsiella_kl43_09,0.0,0.0,0.89,0.89,,WzyB,True
ecloacae_o22_qhr93318.1,0.04,0.0,0.89,0.91,,WzyA,True
abaumannii_kl205,0.01,0.0,0.92,0.93,,WzyC,True
klebsiella_kl144_09,0.0,0.0,0.89,0.89,,WzyC,True
klebsiella_kl37_07,0.0,0.0,0.9,0.9,,WzyC,True
ecoli_ogn13_bav90482.1,0.0,0.0,0.93,0.93,,WzyA,True
ecoli_o23_aig62571.1,0.0,0.0,0.93,0.93,,WzyA,True
shigella_f6_aca24772.1,0.02,0.0,0.92,0.93,,WzyC,True
klebsiella_kl177_07,0.05,0.0,0.89,0.92,,WzyC,True
abaumannii_ph2,0.02,0.0,0.92,0.92,,WzyC,True
spneumoniae_33g_wnt95670.1,0.0,0.0,0.94,0.94,,WzyC,True
abaumannii_kl87,0.03,0.0,0.89,0.91,,WzyA,True
salmonella_o58_acj26787.1,0.03,0.0,0.88,0.89,,WzyB,True
klebsiella_kl110_09,0.0,0.0,0.88,0.88,,WzyA,True
klebsiella_kl120_13,0.0,0.0,0.9,0.9,,WzyA,True
ecoli_o108_ajr19457.1,0.03,0.0,0.89,0.91,,WzyB,True
abaumannii_kl182,0.01,0.0,0.91,0.92,,WzyC,True
ecoli_o4_aat85653.1,0.0,0.0,0.94,0.94,,WzyA,True
abaumannii_kl106,0.0,0.0,0.91,0.91,,WzyA,True
ecoli_o163_ajr19405.1,0.0,0.0,0.93,0.93,,WzyB,True
abaumannii_kl131,0.0,0.0,0.91,0.91,,WzyC,True
abaumannii_kl168,0.01,0.0,0.87,0.88,,WzyA,True
spneumoniae_38_cai34407.1,0.02,0.0,0.92,0.93,,WzyB,True
spneumoniae_33c_cai34217.1,0.01,0.0,0.93,0.93,,WzyC,True
ipr046073_duf6032_seed_q93qw1,0.0,0.0,0.89,0.89,,HMM Seed,True
spneumoniae_5_cai32797.1,0.02,0.0,0.89,0.9,,WzyC,True
spneumoniae_32f_cai34150.1,0.0,0.0,0.92,0.92,,WzyC,True
ecoli_o115_adn43838.1,0.0,0.0,0.9,0.9,,WzyA,True
paeruginosa_o19_aam27711.1,0.0,0.0,0.93,0.93,,WzyB,True
ecoli_o6_cad19991.1,0.0,0.0,0.91,0.91,,WzyB,True
abaumannii_kl38,0.03,0.0,0.9,0.92,,WzyA,True
abaumannii_kl209,0.0,0.0,0.9,0.9,,WzyC,True
shigella_d1_ugn72378.1,0.0,0.0,0.9,0.9,,WzyB,True
abaumannii_kl56,0.0,0.0,0.94,0.94,,WzyA,True
abaumannii_kl61,0.0,0.0,0.93,0.93,,WzyA,True
proteus_o40_axy99727.1,0.02,0.0,0.9,0.91,,WzyA,True
proteus_o1_axy99318.1,0.03,0.0,0.89,0.91,,WzyA,True
proteus_o44_axy99768.1,0.0,0.0,0.9,0.9,,WzyC,True
abaumannii_kl186,0.0,0.0,0.89,0.89,,WzyA,True
spneumoniae_33d_cai34236.1,0.01,0.0,0.92,0.92,,WzyC,True
spneumoniae_11a_cai33128.1,0.0,0.0,0.92,0.92,,WzyC,True
klebsiella_kl149_14,0.0,0.0,0.92,0.92,,WzyA,True
spneumoniae_19f_cai33700.1,0.02,0.0,0.93,0.94,,WzyB,True
klebsiella_kl46_09,0.02,0.0,0.92,0.94,,WzyC,True
shigella_b10_aaw29815.1,0.0,0.0,0.88,0.88,,WzyA,True
abaumannii_kl135,0.0,0.0,0.94,0.94,,WzyA,True
klebsiella_kl33_18,0.04,0.0,0.91,0.93,,WzyC,True
abaumannii_kl102,0.0,0.0,0.94,0.94,,WzyB,True
citrobacter_o16_awu66650.1,0.06,0.0,0.89,0.92,,WzyA,True
proteus_o67_axz00013.1,0.02,0.0,0.88,0.89,,WzyC,True
ecoli_o116_baq01563.1,0.0,0.0,0.91,0.91,,WzyA,True
spneumoniae_42_cai34519.1,0.0,0.0,0.94,0.94,,WzyC,True
spneumoniae_6e_sbt85383.1,0.01,0.0,0.92,0.93,,WzyB,True
klebsiella_kl151_11,0.01,0.0,0.84,0.85,,WzyB,True
abaumannii_kl65,0.03,0.0,0.89,0.91,,WzyC,True
abaumannii_kl52,0.04,0.0,0.91,0.93,,WzyA,True
shigella_d2_acd37006.1,0.0,0.0,0.92,0.92,,WzyC,True
proteus_o21_axy99555.1,0.02,0.0,0.9,0.91,,WzyC,True
abaumannii_kl224,0.0,0.0,0.94,0.94,,WzyA,True
abaumannii_kl22,0.0,0.0,0.93,0.93,,WzyA,True
ecoli_o117_ach97143.1,0.02,0.0,0.88,0.89,,WzyB,True
abaumannii_kl213,0.0,0.0,0.91,0.91,,WzyC,True
shigella_d7_aar97964.1,0.02,0.0,0.88,0.89,,WzyB,True
abaumannii_kl15,0.03,0.0,0.92,0.93,,WzyB,True
proteus_o32_axy99655.1,0.01,0.0,0.92,0.92,,WzyA,True
abaumannii_kl91,0.0,0.0,0.92,0.92,,WzyB,True
ecoli_o151_adq37322.1,0.01,0.0,0.92,0.93,,WzyA,True
ipr017528_pep_o_lig_1_seed_a0a6l5qa75,0.0,0.0,0.93,0.93,,HMM Seed,True
ecoli_o15_aav74543.1,0.02,0.0,0.9,0.91,,WzyC,True
ecoli_o186_baq02068.1,0.0,0.0,0.89,0.89,,WzyB,True
spneumoniae_6f_ahf51336.1,0.01,0.0,0.92,0.92,,WzyB,True
abaumannii_kl1,0.0,0.0,0.85,0.85,,WzyC,True
klebsiella_kl170_12,0.0,0.0,0.91,0.91,,WzyA,True
abaumannii_kl172,0.0,0.0,0.91,0.91,,WzyB,True
abaumannii_kl145,0.02,0.0,0.86,0.87,,WzyC,True
abaumannii_kl198,0.03,0.0,0.9,0.91,,WzyA,True
salmonella_o30_aav34507.1,0.03,0.0,0.51,0.53,,WzyB,True
ipr049458_epsg_seeda0km85a0km85,0.0,0.0,0.93,0.93,,HMM Seed,True
paeurginosa_o15_lory_aam27645.1,0.0,0.0,0.91,0.91,,Missing,True
shigella_b13_aar24270.1,0.01,0.0,0.86,0.87,,WzyB,True
klebsiella_kl154_07,0.02,0.0,0.92,0.92,,WzyC,True
neisseria_meningitidis_pgll_aek98518.1,0.02,0.0,0.93,0.95,,ligases,True
spneumoniae_23b_cai33840.1,0.0,0.0,0.92,0.92,,WzyC,True
klebsiella_kl158_09,0.02,0.0,0.91,0.92,,WzyA,True
shigella_b3_acd37037.1,0.0,0.0,0.91,0.91,,WzyC,True
abaumannii_kl48,0.01,0.0,0.92,0.92,,WzyA,True
klebsiella_kl10_14,0.0,0.0,0.9,0.9,,WzyC,True
abaumannii_kl11,0.0,0.0,0.94,0.94,,WzyA,True
abaumannii_kl217,0.02,0.0,0.88,0.89,,WzyA,True
spneumoniae_36_cai34369.1,0.05,0.0,0.92,0.95,,WzyC,True
abaumannii_kl26,0.0,0.0,0.91,0.91,,WzyA,True
ecoli_o111_aad46730.1,0.0,0.0,0.89,0.89,,WzyC,True
abaumannii_kl220,0.03,0.0,0.9,0.92,,WzyA,True
citrobacter_o41_awu66755.1,0.02,0.0,0.91,0.92,,WzyA,True
abaumannii_kl5,0.0,0.0,0.91,0.91,,WzyA,True
ecoli_o170_aig62733.1,0.0,0.0,0.92,0.92,,WzyC,True
proteus_waal_car46213.1,0.03,0.0,0.89,0.91,,ligases,True
abaumannii_kl95,0.0,0.0,0.9,0.9,,WzyC,True
spneumoniae_12a_cai33226.1,0.0,0.0,0.89,0.89,,WzyC,True
abaumannii_kl141,0.0,0.0,0.93,0.93,,WzyA,True
abaumannii_pgll_wp_272749414.1,0.0,0.0,0.95,0.95,,ligases,True
abaumannii_kl176,0.0,0.0,0.94,0.94,,WzyA,True
spneumoniae_35a_cai34286.1,0.0,0.0,0.94,0.94,,WzyC,True
klebsiella_kl186_12,0.0,0.0,0.93,0.93,,WzyC,True
shigella_d5_aca24868.1,0.03,0.0,0.9,0.91,,WzyC,True
spneumoniae_12b_cai33252.1,0.0,0.0,0.88,0.88,,WzyC,True
abaumannii_kl118,0.0,0.0,0.87,0.87,,WzyC,True
ecoli_o91_aak60458.1,0.0,0.0,0.91,0.91,,WzyC,True
shigella_d11_aca24840.1,0.0,0.0,0.93,0.93,,WzyA,True
salmonella_o55_adi39344.1,0.02,0.0,0.91,0.92,,WzyA,True
spneumoniae_23a_cai33817.1,0.02,0.0,0.94,0.95,,WzyC,True
klebsiella_kl31_09,0.0,0.0,0.92,0.92,,WzyA,True
proteus_o24_axy99570.1,0.0,0.0,0.92,0.92,,WzyC,True
klebsiella_kl16_08,0.02,0.0,0.9,0.91,,WzyB,True
ypseudotuberculosis_o2c_aka20935.1,0.0,0.0,0.9,0.9,,WzyB,True
klebsiella_kl125_09,0.02,0.0,0.91,0.92,,WzyA,True
abaumannii_kl9,0.01,0.0,0.87,0.88,,WzyA,True
klebsiella_kl102_08,0.04,0.0,0.89,0.91,,WzyA,True
proteus_o29a_axy99612.1,0.0,0.0,0.87,0.87,,WzyC,True
paeruginosa_o18_aam27693.1,0.02,0.0,0.9,0.91,,WzyB,True
spneumoniae_6d_ado95346.1,0.01,0.0,0.92,0.92,,WzyB,True
salmonella_o16_adv17638.1,0.0,0.0,0.92,0.92,,WzyA,True
abaumannii_kl99,0.0,0.0,0.89,0.89,,WzyC,True
abaumannii_kl134-2,0.0,0.0,0.91,0.91,,WzyC,True
proteus_o37ab_axy99713.1,0.0,0.0,0.9,0.9,,WzyB,True
abaumannii_kl73,0.0,0.0,0.86,0.86,,WzyB,True
abaumannii_kl44,0.02,0.0,0.91,0.92,,WzyC,True
proteus_o73ab_axz00072.1,0.0,0.0,0.92,0.92,,WzyA,True
klebsiella_kl72_12,0.0,0.0,0.92,0.92,,WzyB,True
ecoli_o39_baq00879.1,0.0,0.0,0.91,0.91,,WzyB,True
klebsiella_kl175_12,0.03,0.0,0.92,0.93,,WzyA,True
ecoli_o119_adb02825.1,0.03,0.0,0.88,0.9,,WzyB,True
klebsiella_kl178_07,0.04,0.0,0.89,0.91,,WzyC,True
abaumannii_kl190,0.0,0.0,0.92,0.92,,WzyC,True
ecoli_o16_baq00653.1,0.0,0.0,0.88,0.88,,WzyB,True
ecloacae_o17_qhr93266.1,0.03,0.0,0.85,0.86,,WzyB,True
ecoli_o29_aca24852.1,0.0,0.0,0.93,0.93,,WzyA,True
ecloacae_o14_qhr93227.1,0.01,0.0,0.89,0.9,,WzyB,True
spneumoniae_10b_cai34733.1,0.0,0.0,0.94,0.94,,WzyA,True
abaumannii_kl123,0.0,0.0,0.94,0.94,,WzyA,True
klebsiella_kl32_11,0.0,0.0,0.92,0.92,,WzyB,True
abaumannii_kl114,0.01,0.0,0.9,0.91,,WzyA,True
paeruginosa_o3_aam27766.1,0.0,0.0,0.91,0.91,,WzyC,True
proteus_o31ab_axy99635.1,0.0,0.0,0.93,0.93,,WzyB,True
klebsiella_kl114_08,0.0,0.0,0.92,0.92,,WzyB,True
salmonella_c2_acf64132.1,0.0,0.0,0.91,0.91,,WzyC,True
ecoli_o64_baq01114.1,0.01,0.0,0.88,0.89,,WzyC,True
abaumannii_kl228,0.02,0.0,0.89,0.9,,WzyB,True
spneumoniae_10a_cai33048.1,0.0,0.0,0.94,0.94,,WzyA,True
ecoli_o1_adc54929.1,0.02,0.0,0.87,0.88,,WzyA,True
salmonella_o50_aav34523.1,0.0,0.0,0.91,0.91,,WzyA,True
abaumannii_kl40,0.0,0.0,0.92,0.92,,WzyB,True
abaumannii_kl77,0.02,0.0,0.89,0.9,,WzyB,True
salmonella_d2_ags07363.1,0.02,0.0,0.88,0.89,,WzyB,True
citrobacter_o22_awu66665.1,0.02,0.0,0.9,0.91,,WzyB,True
klebsiella_kl183_12,0.04,0.0,0.88,0.9,,WzyA,True
spneumoniae_27_cai34008.1,0.0,0.0,0.94,0.94,,WzyA,True
spneumoniae_7a_cai32867.1,0.04,0.0,0.89,0.91,,WzyC,True
spneumoniae_6c_aeo88686.1,0.01,0.0,0.92,0.93,,WzyB,True
abaumannii_kl194,0.0,0.0,0.92,0.92,,WzyB,True
spneumoniae_12f_cai33278.1,0.0,0.0,0.88,0.88,,WzyC,True
salmonella_o21_afw04741.1,0.0,0.0,0.91,0.91,,WzyC,True
ecoli_o130_acd37157.1,0.0,0.0,0.9,0.9,,WzyC,True
spneumoniae_10f_cai33105.1,0.0,0.0,0.94,0.94,,WzyA,True
ypseudotuberculosis_o10_adx97403.1,0.02,0.0,0.85,0.86,,WzyC,True
abaumannii_kl110,0.0,0.0,0.92,0.92,,WzyB,True
ecoli_o8_baq00597.1,0.01,0.0,0.93,0.93,,WzyC,True
shigella_d13_aca24792.1,0.0,0.0,0.93,0.93,,WzyA,True
ecloacae_o9_qhr93163.1,0.02,0.0,0.9,0.91,,WzyB,True
abaumannii_kl127,0.0,0.0,0.93,0.93,,WzyA,True
abaumannii_kl149,0.01,0.0,0.87,0.88,,WzyA,True
salmonella_o35_aak83017.1,0.0,0.0,0.9,0.9,,WzyC,True
ecoli_o109_adr74237.1,0.05,0.0,0.89,0.91,,WzyC,True
ecoli_o11_adv17650.1,0.0,0.0,0.91,0.91,,WzyA,True
salmonella_o47_afw04867.1,0.0,0.0,0.92,0.92,,WzyA,True
ecoli_o81_aig62868.1,0.06,0.0,0.88,0.91,,WzyA,True
ecoli_o103_aas73171.1,0.0,0.0,0.92,0.92,,WzyA,True
klebsiella_kl184_18,0.0,0.0,0.94,0.94,,WzyA,True
spneumoniae_9n_cai33011.1,0.0,0.0,0.92,0.92,,WzyC,True
abaumannii_kl140,0.02,0.0,0.85,0.86,,WzyC,True
klebsiella_kl51_09,0.0,0.0,0.93,0.93,,WzyA,True
abaumannii_kl177,0.0,0.0,0.94,0.94,,WzyA,True
ecloacae_o11_qhr93191.1,0.02,0.0,0.91,0.92,,WzyB,True
ecoli_o174_aay28249.1,0.01,0.0,0.92,0.92,,WzyC,True
klebsiella_kl122_07,0.02,0.0,0.9,0.91,,WzyC,True
salmonella_o38_adv17634.1,0.0,0.0,0.93,0.93,,WzyA,True
abaumannii_kl119,0.0,0.0,0.93,0.93,,WzyA,True
abaumannii_kl4,0.0,0.0,0.93,0.93,,WzyB,True
proteus_o23a_23c_adl32314.1,0.0,0.0,0.68,0.68,,WzyB,True
klebsiella_kl181_10,0.02,0.0,0.91,0.92,,WzyA,True
abaumannii_kl67-1,0.0,0.0,0.87,0.87,,WzyB,True
klebsiella_kl138_09,0.03,0.0,0.91,0.92,,WzyA,True
ecloacae_o27_qhr93376.1,0.01,0.0,0.89,0.89,,WzyB,True
abaumannii_kl94,0.0,0.0,0.94,0.94,,WzyA,True
ecoli_ogn5_bau71572.1,0.1,0.0,0.86,0.91,,Missing,True
abaumannii_kl49,0.0,0.0,0.92,0.92,,WzyB,True
abaumannii_kl10,0.02,0.0,0.92,0.93,,WzyC,True
abaumannii_kl216,0.0,0.0,0.94,0.94,,WzyA,True
abaumannii_kl27,0.02,0.0,0.92,0.93,,WzyA,True
abaumannii_kl221,0.0,0.0,0.92,0.92,,WzyC,True
ipr045918_duf6337_seed_a0a1e3x2d7,0.04,0.0,0.92,0.94,,HMM Seed,True
ecoli_o96_aig62627.1,0.01,0.0,0.89,0.89,,WzyC,True
abaumannii_kl199,0.0,0.0,0.93,0.93,,WzyC,True
spneumoniae_20b_afn40464.1,0.0,0.0,0.93,0.93,,WzyA,True
ecoli_waal_r3_aac69648.1,0.02,0.0,0.9,0.91,,ligases,True
ecloacae_o7_qhr93136.1,0.0,0.0,0.91,0.91,,WzyA,True
ecoli_o112ac_acd37014.1,0.0,0.0,0.92,0.92,,WzyC,True
klebsiella_kl173_07,0.0,0.0,0.89,0.89,,WzyC,True
proteus_o53_axy99857.1,0.0,0.0,0.91,0.91,,WzyA,True
proteus_o69_axz00032.1,0.02,0.0,0.9,0.91,,WzyC,True
nf033860_wzy_o6_o28_seed_a0a4q7bkv0,0.0,0.0,0.92,0.92,,HMM Seed,True
ypseudotuberculosis_o12_afv46136.1,0.0,0.0,0.93,0.93,,WzyA,True
ecloacae_o16_qhr93256.1,0.0,0.0,0.88,0.88,,WzyB,True
abaumannii_kl173,0.01,0.0,0.87,0.88,,WzyA,True
salmonella_d1_ach74809.1,0.03,0.0,0.91,0.92,,WzyB,True
abaumannii_kl144,0.03,0.0,0.9,0.91,,WzyA,True
klebsiella_kl70_10,0.0,0.0,0.9,0.9,,WzyA,True
abaumannii_kl90,0.0,0.0,0.94,0.94,,WzyA,True
klebsiella_kl57_11,0.0,0.0,0.9,0.9,,WzyC,True
klebsiella_kl19_13,0.0,0.0,0.89,0.89,,WzyA,True
ecoli_o28ab_ajr19372.1,0.03,0.0,0.83,0.84,,WzyB,True
ecoli_o66_aaz20761.1,0.06,0.0,0.84,0.87,,WzyB,True
ypseudotuberculosis_o9_cdf66396.1,0.03,0.0,0.92,0.93,,WzyB,True
ecoli_o2_acd75809.1,0.04,0.0,0.87,0.89,,WzyA,True
abaumannii_kl225,0.0,0.0,0.94,0.94,,WzyA,True
abaumannii_kl23,0.03,0.0,0.89,0.91,,WzyB,True
ipr024013_colanic_acid_synth_wcad_seed_a0a0a1a6j9,0.0,0.0,0.93,0.93,,HMM Seed,True
abaumannii_kl212,0.0,0.0,0.93,0.93,,WzyB,True
citrobacter_o12_awu66636.1,0.01,0.0,0.88,0.88,,WzyC,True
ecoli_o110_baq01533.1,0.03,0.0,0.91,0.92,,WzyC,True
abaumannii_kl14,0.0,0.0,0.89,0.89,,WzyB,True
klebsiella_kl49_08,0.0,0.0,0.88,0.89,,WzyB,True
klebsiella_kl117_11,0.0,0.0,0.9,0.9,,WzyC,True
klebsiella_kl79_12,0.0,0.0,0.91,0.91,,WzyA,True
ecoli_o88_aig62878.1,0.03,0.0,0.88,0.9,,WzyC,True
abaumannii_kl111,0.0,0.0,0.91,0.91,,WzyA,True
ecloacae_o4_qhr93104.1,0.0,0.0,0.94,0.94,,WzyA,True
abaumannii_kl126,0.0,0.0,0.9,0.9,,WzyC,True
ecoli_o173_adn43894.1,0.0,0.0,0.92,0.92,,WzyA,True
ipr007016_wzy_c_seed_q6mi87,0.0,0.0,0.92,0.92,,HMM Seed,True
spneumoniae_47f_cai34657.1,0.04,0.0,0.92,0.94,,WzyC,True
abaumannii_kl148,0.0,0.0,0.91,0.91,,WzyA,True
paeurginosa_o8_aam27851.1,0.03,0.0,0.85,0.86,,Missing,True
proteus_o2_axy99336.1,0.0,0.0,0.92,0.92,,WzyA,True
spneumoniae_11d_cai33188.1,0.0,0.0,0.92,0.92,,WzyC,True
abaumannii_kl195,0.0,0.0,0.94,0.94,,WzyA,True
proteus_o14ab_axy99463.1,0.02,0.0,0.92,0.94,,WzyA,True
spneumoniae_24f_1_cai33941.1,0.02,0.0,0.91,0.91,,WzyC,True
spneumoniae_9v_cai33029.1,0.0,0.0,0.92,0.92,,WzyC,True
klebsiella_kl164_10,0.0,0.0,0.85,0.85,,WzyA,True
ecloacae_o1_qhr93073.1,0.08,0.0,0.87,0.91,,WzyC,True
ecoli_o165_adn43883.1,0.04,0.0,0.86,0.88,,WzyB,True
klebsiella_kl44_11,0.01,0.0,0.83,0.83,,WzyC,True
klebsiella_kl63_10,0.0,0.0,0.9,0.9,,WzyB,True
salmonella_o60_afw04860.1,0.0,0.0,0.9,0.9,,WzyA,True
vibrio_cholerae_pgll_wp_001883229.1,0.07,0.0,0.92,0.96,,ligases,True
abaumannii_kl229,0.0,0.0,0.92,0.92,,WzyC,True
klebsiella_kl54_09,0.0,0.0,0.92,0.92,,WzyC,True
abaumannii_kl18,0.0,0.0,0.91,0.91,,WzyB,True
abaumannii_kl41,0.02,0.0,0.93,0.94,,WzyA,True
abaumannii_kl76,0.0,0.0,0.92,0.92,,WzyC,True
spneumoniae_16a_cai33441.1,0.06,0.0,0.9,0.93,,WzyC,True
ecoli_o55_aal67557.1,0.03,0.0,0.9,0.92,,WzyA,True
klebsiella_kl67_07,0.04,0.0,0.87,0.89,,WzyA,True
klebsiella_kl160_07,0.03,0.0,0.91,0.93,,WzyC,True
klebsiella_kl13_09,0.0,0.0,0.91,0.91,,WzyC,True
ecoli_ogn1_bau71558.1,0.01,0.0,0.93,0.93,,WzyC,True
klebsiella_kl103_12,0.0,0.0,0.91,0.91,,WzyA,True
ecoli_o73_aay23733.1,0.04,0.0,0.89,0.91,,WzyB,True
abaumannii_kl122,0.0,0.0,0.95,0.95,,WzyA,True
abaumannii_kl115,0.04,0.0,0.91,0.93,,WzyA,True
ecoli_o183_bal03056.1,0.0,0.0,0.89,0.89,,WzyA,True
ecoli_o145_aax58762.1,0.0,0.0,0.91,0.91,,WzyC,True
abaumannii_kl191,0.0,0.0,0.92,0.92,,WzyB,True
spneumoniae_10c_cai33084.1,0.0,0.0,0.94,0.94,,WzyA,True
abaumannii_gi1,0.0,0.0,0.92,0.92,,WzyC,True
abaumannii_kl72,0.04,0.0,0.91,0.93,,WzyA,True
proteus_o30_axy99624.1,0.02,0.0,0.91,0.92,,WzyC,True
abaumannii_kl45,0.04,0.0,0.9,0.92,,WzyB,True
ecoli_o100_aig62814.1,0.02,0.0,0.87,0.89,,WzyC,True
salmonella_o59_afw04847.1,0.0,0.0,0.91,0.91,,WzyC,True
klebsiella_kl42_09,0.04,0.0,0.9,0.92,,WzyA,True
proteus_o55_axy99885.1,0.03,0.0,0.9,0.92,,WzyB,True
abaumannii_kl8,0.02,0.0,0.88,0.89,,WzyA,True
ecloacae_o30_qhr93392.1,0.01,0.0,0.91,0.91,,WzyC,True
klebsiella_kl12_12,0.0,0.0,0.91,0.91,,WzyB,True
ecoli_o78_aig62619.1,0.0,0.0,0.93,0.93,,WzyA,True
ecoli_o42_baq00911.1,0.0,0.0,0.89,0.89,,WzyB,True
abaumannii_kl98,0.03,0.0,0.91,0.93,,WzyA,True
abaumannii_ph3,0.03,0.0,0.93,0.94,,Missing,True
abaumannii_kl86,0.03,0.0,0.9,0.92,,WzyA,True
ecoli__adi43263.1,0.02,0.0,0.82,0.83,,Missing,True
ecloacae_o24_qhr93343.1,0.0,0.0,0.9,0.9,,WzyB,True
shigella_b4_aal27318.1,0.01,0.0,0.9,0.9,,WzyC,True
abaumannii_kl35,0.06,0.0,0.88,0.91,,WzyA,True
abaumannii_kl233,0.0,0.0,0.9,0.9,,WzyC,True
abaumannii_kl204,0.04,0.0,0.9,0.92,,WzyB,True
ecoli_ogn31_bau71639.1,0.0,0.0,0.92,0.92,,WzyB,True
ecoli_o32_acd37058.1,0.0,0.0,0.87,0.87,,WzyC,True
spneumoniae_14_cai33324.1,0.0,0.0,0.91,0.91,,WzyC,True
proteus_o26_axy99601.1,0.06,0.0,0.87,0.9,,WzyC,True
ecoli_o133_aig62394.1,0.02,0.0,0.85,0.86,,WzyB,True
klebsiella_kl74_11,0.03,0.0,0.9,0.92,,WzyC,True
klebsiella_kl53_10,0.0,0.0,0.93,0.93,,WzyA,True
spneumoniae_35b_cai34310.1,0.05,0.0,0.92,0.94,,WzyC,True
ecloacae_o19_qhr93285.1,0.03,0.0,0.88,0.89,,WzyB,True
paeruginosa_o20_aam27748.1,0.02,0.0,0.9,0.91,,WzyB,True
ecoli_o106_aay23745.1,0.04,0.0,0.89,0.91,,WzyB,True
abaumannii_kl165,0.0,0.0,0.9,0.9,,WzyA,True
proteus_o6_axy99368.1,0.01,0.0,0.92,0.93,,WzyC,True
ecoli_o154_baq01780.1,0.03,0.0,0.87,0.89,,WzyB,True
abaumannii_kl152,0.0,0.0,0.92,0.92,,WzyC,True
salmonella_o42_afw04812.1,0.0,0.0,0.91,0.91,,WzyA,True
shigella_b9_aal27351.1,0.0,0.0,0.93,0.93,,WzyB,True
ecoli_o61_adj19217.1,0.0,0.0,0.86,0.86,,WzyB,True
spneumoniae_34_cai34269.1,0.0,0.0,0.91,0.91,,WzyB,True
proteus_o45_axy99801.1,0.04,0.0,0.9,0.92,,Missing,True
spneumoniae_25f_cai33983.1,0.02,0.0,0.92,0.93,,WzyB,True
ecoli__bav90458.1,0.01,0.0,0.88,0.88,,Missing,True
ipr021797_wzy_c2_seed_q122i6,0.0,0.0,0.95,0.95,,HMM Seed,True
ecoli_o135_acd37173.1,0.0,0.0,0.91,0.91,,WzyC,True
ecoli__bau71586.1,0.01,0.0,0.87,0.88,,Missing,True
klebsiella_kl146_07,0.02,0.0,0.92,0.92,,WzyC,True
ecoli_o27_adi43271.1,0.0,0.0,0.93,0.93,,WzyA,True
ecoli_o152_aca24821.1,0.0,0.0,0.93,0.93,,WzyA,True
abaumannii_kl82,0.0,0.0,0.93,0.93,,WzyC,True
spneumoniae_28a_cai34032.1,0.0,0.0,0.89,0.89,,WzyC,True
abaumannii_kl68,0.02,0.0,0.91,0.92,,WzyC,True
salmonella_b1_aaa27210.1,0.03,0.0,0.91,0.92,,WzyB,True
spneumoniae_13_cai33309.1,0.02,0.0,0.93,0.94,,WzyC,True
spneumoniae_33a_cai34177.1,0.0,0.0,0.94,0.94,,WzyC,True
spneumoniae_8_cai32957.1,0.03,0.0,0.91,0.92,,WzyC,True
abaumannii_kl200,0.0,0.0,0.91,0.91,,WzyA,True
ecoli_o86_b7_aao37717.1,0.05,0.0,0.87,0.9,,WzyB,True
klebsiella_kl145_13,0.04,0.0,0.89,0.91,,WzyA,True
ecoli_o136_aig62419.1,0.0,0.0,0.9,0.9,,WzyC,True
abaumannii_kl237,0.0,0.0,0.91,0.91,,WzyB,True
abaumannii_kl31,0.0,0.0,0.92,0.92,,WzyC,True
klebsiella_kl152_08,0.04,0.0,0.89,0.91,,WzyA,True
klebsiella_kl62_11,0.04,0.0,0.67,0.69,,WzyC,True
shigella_b15_acd37078.1,0.0,0.0,0.91,0.91,,WzyA,True
shigella_d9_acd37111.1,0.02,0.0,0.84,0.85,,WzyC,True
paeruginosa_o16_prophage_abm21470.1,0.01,0.0,0.88,0.88,,WzyC,True
proteus_o8_axy99381.1,0.0,0.0,0.9,0.9,,WzyB,True
ecoli_o56_abb29916.1,0.0,0.0,0.9,0.9,,WzyA,True
shigella_b17_abi55342.1,0.02,0.0,0.93,0.94,,WzyA,True
abaumannii_kl156,0.0,0.0,0.92,0.92,,WzyC,True
abaumannii_kl161,0.0,0.0,0.87,0.87,,WzyC,True
ecoli_o184_baq02031.1,0.0,0.0,0.83,0.84,,WzyC,True
ecoli_o30_aig62591.1,0.0,0.0,0.92,0.92,,WzyB,True
abaumannii_kl138,0.0,0.0,0.94,0.94,,WzyA,True
proteus_o25_axy99585.1,0.03,0.0,0.9,0.91,,WzyC,True
abaumannii_kl64,0.0,0.0,0.94,0.94,,WzyA,True
ecoli_o137_aig62424.1,0.0,0.0,0.91,0.91,,WzyC,True
ecoli_ox13_ajr19385.1,0.0,0.0,0.91,0.91,,WzyC,True
abaumannii_kl53,0.01,0.0,0.87,0.88,,WzyA,True
cupriavidus_metallidurans_waal_q1lju1,0.0,0.0,0.92,0.92,,ligases,True
salmonella_a_aav77445.1,0.03,0.0,0.91,0.92,,WzyB,True
ecoli_o48_aig62384.1,0.02,0.0,0.91,0.92,,WzyC,True
proteus_o59_axy99961.1,0.0,0.0,0.86,0.86,,WzyC,True
shigella_b7_acd37072.1,0.02,0.0,0.86,0.87,,WzyB,True
ypseudotuberculosis_o1a_aan23041.1,0.0,0.0,0.94,0.94,,WzyA,True
klebsiella_kl18_12,0.0,0.0,0.9,0.9,,WzyC,True
proteus_o18_qim23321.1,0.0,0.0,0.92,0.92,,WzyA,True
klebsiella_kl176_11,0.01,0.0,0.91,0.92,,WzyA,True
ecoli_o75_aig62607.1,0.0,0.0,0.93,0.93,,WzyA,True
ecoli_ogn3_bav90433.1,0.03,0.0,0.8,0.82,,WzyB,True
klebsiella_kl61_09,0.03,0.0,0.92,0.94,,WzyC,True
spneumoniae_6g_ahf51351.1,0.01,0.0,0.92,0.92,,WzyB,True
klebsiella_kl166_09,0.02,0.0,0.92,0.93,,WzyA,True
ecoli_o128_aao37701.1,0.0,0.0,0.92,0.92,,WzyA,True
ypseudotuberculosis_o5a_aka20981.1,0.03,0.0,0.88,0.89,,WzyB,True
klebsiella_kl81_09,0.0,0.0,0.93,0.93,,WzyA,True
abaumannii_kl103,0.0,0.0,0.92,0.92,,WzyC,True
ypseudotuberculosis_o6_aep25500.1,0.0,0.0,0.92,0.92,,WzyA,True
ecoli_o138_aaz85713.1,0.0,0.0,0.91,0.91,,WzyC,True
proteus_o62_axy99991.1,0.05,0.0,0.88,0.9,,WzyA,True
ecoli_o98_abb04486.1,0.04,0.0,0.89,0.91,,WzyA,True
spneumoniae_9l_cai32993.1,0.0,0.0,0.92,0.92,,WzyC,True
ecoli_o12_aig62543.1,0.0,0.0,0.92,0.92,,WzyA,True
abaumannii_kl187,0.0,0.0,0.91,0.91,,WzyC,True
klebsiella_kl121_09,0.01,0.0,0.91,0.92,,WzyC,True
ypseudotuberculosis_o2b_adi59445.1,0.0,0.0,0.92,0.92,,WzyC,True
ecoli_waal_r1_aac69682.1,0.0,0.0,0.94,0.94,,ligases,True
ecoli_o181_aig62769.1,0.04,0.0,0.87,0.89,,WzyA,True
abaumannii_kl208,0.03,0.0,0.87,0.89,,WzyC,True
abaumannii_kl57,0.0,0.0,0.9,0.9,,WzyB,True
abaumannii_kl60,0.0,0.0,0.93,0.93,,WzyA,True
klebsiella_kl109_12,0.0,0.0,0.88,0.88,,WzyC,True
ecoli_o5ab_ajr19356.1,0.02,0.0,0.92,0.93,,WzyB,True
shigella_b12_acd37026.1,0.04,0.0,0.84,0.86,,WzyC,True
ecoli_o53_abz79721.1,0.0,0.0,0.9,0.9,,WzyC,True
ecoli_o62_agn91809.1,0.03,0.0,0.8,0.82,,WzyB,True
abaumannii_kl107,0.0,0.0,0.86,0.86,,WzyC,True
ecloacae_o12_qhr93204.1,0.04,0.0,0.86,0.87,,WzyB,True
salmonella_o17_abl63455.1,0.0,0.0,0.89,0.89,,WzyC,True
abaumannii_kl130,0.0,0.0,0.93,0.93,,WzyA,True
abaumannii_kl169,0.0,0.0,0.94,0.94,,WzyA,True
spneumoniae_40_cai34454.1,0.0,0.0,0.91,0.91,,WzyC,True
klebsiella_kl5_07,0.0,0.0,0.9,0.9,,WzyC,True
salmonella_o63_afw04735.1,0.03,0.0,0.85,0.86,,WzyA,True
klebsiella_kl69_10,0.01,0.0,0.84,0.85,,WzyC,True
ipr029468_oag_pol_wzy_seed_p39854,0.01,0.0,0.94,0.94,,HMM Seed,True
shigella_b2_acd37126.1,0.0,0.0,0.87,0.87,,WzyB,True
spneumoniae_48_cai34680.1,0.0,0.0,0.93,0.93,,WzyC,True
shigella_d12_aca24811.1,0.0,0.0,0.93,0.93,,WzyA,True
proteus_o10_adl32296.1,0.03,0.0,0.92,0.94,,WzyB,True
abaumannii_kl183,0.02,0.0,0.88,0.89,,WzyA,True
ecoli_o45_aax07747.1,0.01,0.0,0.88,0.89,,WzyB,True
abaumannii_kl70,0.01,0.0,0.87,0.88,,WzyA,True
abaumannii_kl241,0.02,0.0,0.88,0.89,,WzyA,True
abaumannii_kl47,0.0,0.0,0.93,0.93,,WzyB,True
abaumannii_kl218,0.0,0.0,0.91,0.91,,WzyA,True
abaumannii_kl29,0.0,0.0,0.94,0.94,,WzyA,True
ecoli_o159_aca24890.1,0.0,0.0,0.86,0.86,10.0,WzyA,True
klebsiella_kl115_10,0.06,0.0,0.86,0.89,,WzyA,True
spneumoniae_18b_cai33561.1,0.02,0.0,0.92,0.93,,WzyC,True
ecoli_o187_aig56949.1,0.0,0.0,0.9,0.9,,WzyC,True
abaumannii_kl134-1,0.0,0.0,0.87,0.87,,WzyB,True
ecoli_o71_adi77033.1,0.0,0.0,0.92,0.92,,WzyB,True
abaumannii_kl179,0.03,0.0,0.9,0.91,,WzyB,True
citrobacter_o24_awu66681.1,0.0,0.0,0.9,0.9,,WzyC,True
ecoli_o87_aca24901.1,0.0,0.0,0.9,0.9,,WzyA,True
abaumannii_kl120,0.0,0.0,0.91,0.91,,WzyA,True
abaumannii_kl117,0.0,0.0,0.89,0.89,,WzyA,True
ipr002760_o_anti_polymase_seed_o26751,0.0,0.0,0.93,0.93,,HMM Seed,True
ecoli_o65_ajr19392.1,0.0,0.0,0.83,0.84,,WzyB,True
ecoli_waal_r4_aac69671.1,0.0,0.0,0.91,0.91,,ligases,True
klebsiella_kl52_13,0.0,0.0,0.93,0.93,,WzyA,True
klebsiella_kl155_13,0.0,0.0,0.91,0.91,,WzyB,True
ecoli_o70_cbn82200.1,0.0,0.0,0.92,0.92,,WzyB,True
klebsiella_kl82_09,0.0,0.0,0.93,0.93,,WzyA,True
abaumannii_kl193,0.02,0.0,0.91,0.92,,WzyA,True
klebsiella_kl111_07,0.0,0.0,0.91,0.91,,WzyC,True
ecoli_o129_acd37181.1,0.0,0.0,0.9,0.91,,WzyC,True
abaumannii_kl43,0.0,0.0,0.91,0.91,,WzyB,True
abaumannii_kl74,0.03,0.0,0.92,0.93,,WzyA,True
ecoli_o76_baq01218.1,0.01,0.0,0.89,0.9,,WzyC,True
proteus_o9_axy99400.1,0.0,0.0,0.89,0.89,,WzyA,True
klebsiella_kl2_10,0.03,0.0,0.9,0.92,,WzyC,True
spneumoniae_35c_cai34328.1,0.0,0.0,0.94,0.94,,WzyC,True
salmonella_o44_afw04828.1,0.0,0.0,0.93,0.93,,WzyC,True
klebsiella_kl124_11,0.01,0.0,0.92,0.92,,WzyA,True
abaumannii_kl113,0.0,0.0,0.93,0.93,,WzyC,True
spneumoniae_18f_cai33610.1,0.02,0.0,0.92,0.93,,WzyC,True
ecoli_o51_baq01024.1,0.0,0.0,0.93,0.93,,WzyA,True
ecloacae_o5_qhr93118.1,0.0,0.0,0.9,0.9,,WzyB,True
abaumannii_kl124,0.0,0.0,0.93,0.93,,WzyC,True
ecoli_o19_baq00705.1,0.0,0.0,0.9,0.9,,WzyB,True
salmonella_o62_afw04785.1,0.0,0.0,0.91,0.91,,WzyA,True
klebsiella_kl156-d1_09,0.0,0.0,0.91,0.91,,WzyC,True
proteus_o17_axy99492.1,0.03,0.0,0.88,0.9,,WzyB,True
ecoli_o157_aac32340.1,0.03,0.0,0.48,0.5,,WzyB,True
spneumoniae_33b_cai34198.1,0.01,0.0,0.92,0.92,,WzyC,True
klebsiella_kl140_07,0.02,0.0,0.92,0.93,,WzyA,True
abaumannii_kl197,0.02,0.0,0.91,0.93,,WzyA,True
spneumoniae_25a_cai33966.2,0.02,0.0,0.92,0.93,,WzyB,True
salmonella_o39_afw04696.1,0.0,0.0,0.83,0.83,,WzyC,True
ecoli_o82_baq01266.1,0.02,0.0,0.87,0.88,,WzyC,True
klebsiella_kl6_07,0.0,0.0,0.92,0.92,,WzyC,True
klebsiella_kl172_21,0.0,0.0,0.92,0.92,,WzyA,True
ecoli_o7_aad44158.1,0.0,0.0,0.89,0.89,,WzyB,True
abaumannii_kl92,0.03,0.0,0.88,0.9,,WzyC,True
salmonella_o57_afw04883.1,0.0,0.0,0.94,0.94,,WzyA,True
ecoli_o168_acd36996.1,0.0,0.0,0.92,0.92,,WzyC,True
ecoli_o114_aat77177.1,0.0,0.0,0.92,0.92,,WzyB,True
klebsiella_kl180_09,0.01,0.0,0.9,0.9,,WzyA,True
abaumannii_kl2,0.0,0.0,0.94,0.94,,WzyA,True
abaumannii_kl227,0.0,0.0,0.91,0.91,,WzyB,True
klebsiella_kl153_07,0.02,0.0,0.89,0.9,,WzyC,True
abaumannii_kl21,0.0,0.0,0.93,0.93,,WzyC,True
abaumannii_kl210,0.0,0.0,0.91,0.91,,WzyC,True
abaumannii_kl16,0.06,0.0,0.87,0.9,,WzyC,True
ecoli_o180_afn02899.1,0.0,0.0,0.9,0.9,,WzyB,True
klebsiella_kl168_14,0.0,0.0,0.9,0.9,,WzyC,True
shigella_d10_aca24912.1,0.02,0.0,0.9,0.91,,WzyC,True
ecoli_o143_aca24764.1,0.0,0.0,0.84,0.84,,WzyC,True
klebsiella_kl159_11,0.0,0.0,0.91,0.91,,WzyB,True
spneumoniae_47a_cai34641.1,0.0,0.0,0.94,0.94,,WzyC,True
klebsiella_kl127_09,0.0,0.0,0.85,0.85,,WzyB,True
abaumannii_kl78,0.0,0.0,0.93,0.93,,WzyB,True
ecoli_waal_r2_aac69661.1,0.02,0.0,0.91,0.92,,ligases,True
proteus_o47_adl32336.1,0.0,0.0,0.92,0.92,,WzyC,True
proteus_o74_axz00085.1,0.0,0.0,0.91,0.91,,WzyB,True
salmonella_o53_afw04837.1,0.02,0.0,0.91,0.92,,WzyC,True
ypseudotuberculosis_o5b_aka20999.1,0.02,0.0,0.88,0.89,,WzyB,True
ecoli_ogn16_bav90529.1,0.02,0.0,0.88,0.89,,WzyB,True
ecoli_o141_abi98976.1,0.02,0.0,0.88,0.89,,WzyA,True
abaumannii_kl128,0.0,0.0,0.92,0.92,,WzyA,True
spneumoniae_11c_cai33169.1,0.0,0.0,0.93,0.93,,WzyC,True
abaumannii_kl171,0.02,0.0,0.91,0.92,,WzyC,True
proteus_o58_axy99943.1,0.02,0.0,0.88,0.9,,WzyC,True
abaumannii_kl146,0.0,0.0,0.91,0.91,,WzyB,True
abaumannii_kl6,0.0,0.0,0.9,0.9,,WzyB,True
ecoli_o134_baq01687.1,0.03,0.0,0.9,0.92,,WzyC,True
spneumoniae_46_cai34613.1,0.0,0.0,0.89,0.89,,WzyC,True
spneumoniae_24a_cai33890.1,0.02,0.0,0.9,0.91,,WzyC,True
abaumannii_kl96,0.01,0.0,0.92,0.92,,WzyA,True
spneumoniae_33f_cai34254.1,0.0,0.0,0.94,0.94,,WzyC,True
klebsiella_kl28_10,0.02,0.0,0.9,0.91,,WzyC,True
klebsiella_kl108_11,0.0,0.0,0.91,0.91,,WzyC,True
ecoli_o36_baq00830.1,0.0,0.0,0.88,0.88,,WzyB,True
klebsiella_kl11_08,0.0,0.0,0.94,0.94,,WzyA,True
abaumannii_kl12,0.0,0.0,0.93,0.93,,WzyB,True
abaumannii_kl214,0.03,0.0,0.9,0.92,,WzyB,True
ecoli_ogn17_bav90548.1,0.02,0.0,0.91,0.92,,WzyC,True
abaumannii_kl25,0.0,0.0,0.9,0.9,,WzyB,True
abaumannii_kl223,0.0,0.0,0.91,0.91,,WzyB,True
klebsiella_kl7_10,0.03,0.0,0.9,0.92,,WzyA,True
ypseudotuberculosis_o15_cax18360.1,0.03,0.0,0.88,0.89,,WzyB,True
klebsiella_kl58_09,0.02,0.0,0.92,0.93,,WzyB,True
klebsiella_kl137_15,0.02,0.0,0.91,0.92,,WzyA,True
ecloacae_o26_qhr93353.1,0.0,0.0,0.93,0.93,,WzyA,True
proteus_o57_axy99926.1,0.0,0.0,0.91,0.91,,WzyC,True
klebsiella_kl118_09,0.0,0.0,0.92,0.92,,WzyA,True
klebsiella_kl38_08,0.0,0.0,0.92,0.92,,WzyA,True
abaumannii_kl142,0.04,0.0,0.91,0.93,,WzyA,True
klebsiella_waal_aad37765.1,0.0,0.0,0.92,0.92,,ligases,True
spneumoniae_44_cai34753.1,0.0,0.0,0.88,0.88,,WzyC,True
abaumannii_kl175,0.0,0.0,0.91,0.91,,WzyC,True
proteus_o19a_axy99523.1,0.02,0.0,0.88,0.89,,WzyA,True
ypseudotuberculosis_o7_aep25477.1,0.0,0.0,0.88,0.88,,WzyC,True
ecoli_o34_aig62789.1,0.05,0.0,0.85,0.88,,WzyA,True
paeurginosa_o12_aam27595.1,0.02,0.0,0.92,0.93,,Missing,True
salmonella_o11_afw04820.1,0.0,0.0,0.93,0.93,,WzyA,True
abaumannii_kl105,0.0,0.0,0.92,0.92,,WzyA,True
spneumoniae_22a_cai33774.1,0.0,0.0,0.89,0.89,,WzyB,True
abaumannii_kl132,0.03,0.0,0.91,0.92,,WzyC,True
ecoli_o149_aaz65837.1,0.0,0.0,0.91,0.91,,WzyA,True
klebsiella_kl47_11,0.02,0.0,0.9,0.91,,WzyB,True
spneumoniae_2_cai32727.1,0.03,0.0,0.84,0.85,,WzyC,True
ecoli_o79_aig62648.1,0.0,0.0,0.89,0.89,,WzyB,True
spneumoniae_20a_cai33718.1,0.0,0.0,0.93,0.93,,WzyA,True
nf041436_wzy_strepto_seed_a0a822w5q0,0.02,0.0,0.91,0.92,,HMM Seed,True
ecoli_o169_aig62720.1,0.0,0.0,0.89,0.89,,WzyA,True
abaumannii_kl181,0.0,0.0,0.93,0.93,,WzyA,True
ecoli_o185_baq02048.1,0.01,0.0,0.9,0.91,,WzyB,True
ecoli_o155_aav74550.1,0.0,0.0,0.91,0.91,,WzyA,True
spneumoniae_23f_cai33862.1,0.0,0.0,0.92,0.92,,WzyC,True
klebsiella_kl169_11,0.02,0.0,0.88,0.89,,WzyB,True
klebsiella_kl131_17,0.01,0.0,0.92,0.93,,WzyA,True
abaumannii_kl55,0.0,0.0,0.91,0.91,,WzyA,True
klebsiella_kl130_08,0.01,0.0,0.92,0.93,,WzyC,True
shigella_b1_ugn72586.1,0.0,0.0,0.91,0.91,,WzyA,True
ecoli_o43_aig62638.1,0.02,0.0,0.86,0.87,,WzyC,True
ecoli_o113_aad50486.1,0.0,0.0,0.91,0.91,,WzyA,True
abaumannii_kl62,0.0,0.0,0.92,0.92,,WzyC,True
abaumannii_kl88,0.08,0.0,0.88,0.92,,WzyA,True
ecoli_o146_abe98437.1,0.03,0.0,0.87,0.89,,WzyC,True
ecoli_ogn9_bau71608.1,0.0,0.0,0.91,0.91,,Missing,True
paeruginosa,0.03,0.0,0.93,0.95,,ligases,True
spneumoniae_15b_cai33366.1,0.01,0.0,0.91,0.91,,WzyC,True
shigella_b8_aca24754.1,0.0,0.0,0.83,0.83,,WzyC,True
ecoli_o46_baq00957.1,0.03,0.0,0.9,0.92,,WzyC,True
ypseudotuberculosis_o11_acv52983.1,0.01,0.0,0.92,0.93,,WzyB,True
abaumannii_kl158,0.0,0.0,0.93,0.93,,WzyB,True
klebsiella_kl128_09,0.0,0.0,0.91,0.91,,WzyB,True
abaumannii_kl136,0.0,0.0,0.92,0.92,,WzyB,True
ecoli_o50_baq01012.1,0.04,0.0,0.88,0.89,,WzyA,True
spneumoniae_37_cai34388.1,0.0,0.0,0.94,0.94,,WzyC,True
abaumannii_kl101,0.0,0.0,0.92,0.92,,WzyC,True
paeurginosa_o13_aam27615.1,0.0,0.0,0.92,0.92,,Missing,True
salmonella_o28_aco40479.1,0.01,0.0,0.91,0.92,,WzyB,True
ecoli_o63_acd75796.1,0.0,0.0,0.89,0.89,,WzyB,True
abaumannii_kl185,0.06,0.0,0.89,0.92,,WzyC,True
ecoli_o123_baq02224.1,0.0,0.0,0.89,0.89,,WzyB,True
spneumoniae_9a_cai32973.1,0.0,0.0,0.92,0.92,,WzyC,True
spneumoniae_19a_cai33631.1,0.01,0.0,0.94,0.94,,WzyB,True
ypseudotuberculosis_o1b_cab63298.1,0.01,0.0,0.92,0.93,,WzyB,True
ecoli_o93_baq01386.1,0.03,0.0,0.92,0.93,,WzyC,True
klebsiella_kl21_08,0.0,0.0,0.93,0.93,,WzyC,True
abaumannii_kl66,0.03,0.0,0.9,0.92,,WzyB,True
proteus_o36_axy99696.1,0.08,0.0,0.84,0.88,,WzyB,True
abaumannii_kl51,0.0,0.0,0.92,0.92,,WzyA,True
tigr04370_glyco_rpt_poly_seed_a0a420e603,0.03,0.0,0.91,0.92,,HMM Seed,True
proteus_o42_axy99754.1,0.0,0.0,0.88,0.88,,WzyB,True
ecoli_o35_acv67289.1,0.0,0.0,0.91,0.91,,WzyA,True
paeurginosa_o7_aam27831.1,0.05,0.0,0.86,0.88,,Missing,True
abaumannii_kl239,0.0,0.0,0.91,0.91,,WzyC,True
ecoli_o118_abm53642.1,0.0,0.0,0.92,0.93,,WzyA,True
ecoli_o150_aca24803.1,0.0,0.0,0.92,0.92,,WzyA,True
klebsiella_kl35_07,0.01,0.0,0.9,0.91,,WzyC,True
klebsiella_kl132_07,0.0,0.0,0.92,0.92,,WzyC,True
proteus_o72ab_axz00060.1,0.0,0.0,0.92,0.92,,WzyC,True
klebsiella_kl71_13,0.0,0.0,0.9,0.9,,WzyC,True
proteus_o56_axy99906.1,0.02,0.0,0.91,0.92,,WzyB,True
abaumannii_kl189,0.0,0.0,0.93,0.93,,WzyA,True
klebsiella_kl26_07,0.0,0.0,0.92,0.92,,WzyC,True
ecoli_o56_aca24882.1,0.03,0.0,0.9,0.91,,Missing,True
ecoli_o127_aar90892.1,0.0,0.0,0.89,0.89,,WzyB,True
ecoli_o13_baq02138.1,0.0,0.0,0.91,0.91,,WzyC,True
spneumoniae_10d_39x,0.0,0.0,0.92,0.92,,WzyA,True
spneumoniae_29_cai34080.1,0.02,0.0,0.93,0.94,,WzyC,True
abaumannii_kl154,0.0,0.0,0.91,0.91,,WzyB,True
proteus_o11_axy99417.1,0.03,0.0,0.9,0.91,,WzyC,True
abaumannii_kl163,0.03,0.0,0.92,0.93,,WzyA,True
salmonella_o6_14_aaq91207.1,0.05,0.0,0.89,0.91,,WzyB,True
shigella_b5_aal27327.1,0.0,0.0,0.88,0.88,,WzyB,True
paeurginosa_o11_aam27574.1,0.02,0.0,0.89,0.9,,Missing,True
citrobacter_o38_awu66741.1,0.0,0.0,0.93,0.93,,WzyC,True
klebsiella_kl112_09,0.0,0.0,0.93,0.93,,WzyC,True
proteus_o27_adl32320.1,0.0,0.0,0.92,0.92,,WzyA,True
ecoli_o148_aba42232.1,0.0,0.0,0.9,0.9,,WzyB,True
ipr045949_duf6369_seed_b1xzr5,0.0,0.0,0.86,0.86,,HMM Seed,True
salmonella_o13_abp35578.1,0.0,0.0,0.9,0.9,,WzyB,True
abaumannii_kl80,0.0,0.0,0.93,0.93,,WzyA,True
ecoli_o124_acd37138.1,0.0,0.0,0.91,0.91,,WzyA,True
myxococcus_waal_abf89195.1,0.07,0.0,0.91,0.94,,ligases,True
abaumannii_kl202,0.0,0.0,0.93,0.93,,WzyB,True
abaumannii_kl235,0.02,0.0,0.89,0.9,,WzyB,True
abaumannii_kl33,0.02,0.0,0.89,0.9,,WzyB,True
shigella_b14_acd37051.1,0.0,0.0,0.89,0.89,,WzyC,True
ecoli_o172_aat28922.1,0.0,0.0,0.86,0.86,,WzyB,True
ypseudotuberculosis_o3_ajj60823.1,0.02,0.0,0.9,0.91,,WzyB,True
ypseudotuberculosis_o4b_aan23057.1,0.0,0.0,0.94,0.94,,WzyA,True
salmonella_o43_afw04802.1,0.02,0.0,0.91,0.92,,WzyB,True
klebsiella_kl143_09,0.0,0.0,0.92,0.92,,WzyC,True
ypseudotuberculosis_o2a_aan23078.1,0.0,0.0,0.94,0.94,,WzyA,True
abaumannii_kl109,0.01,0.0,0.87,0.88,,WzyA,True
ecoli_o160_baq01812.1,0.02,0.0,0.91,0.92,,WzyC,True
ecoli_o33_aig62598.1,0.04,0.0,0.89,0.91,,WzyC,True
abaumannii_kl167,0.06,0.0,0.87,0.9,,WzyC,True
ecoli_o144_aig62452.1,0.03,0.0,0.9,0.92,,WzyA,True
abaumannii_kl150,0.04,0.0,0.89,0.91,,WzyC,True
ecoli_o59_aav74376.1,0.02,0.0,0.89,0.9,,WzyB,True
spneumoniae_11b_cai33149.1,0.0,0.0,0.93,0.93,,WzyC,True
ecoli_o3_ach97152.1,0.0,0.0,0.91,0.91,,WzyA,True
abaumannii_kl84,0.0,0.0,0.93,0.93,,WzyB,True
abaumannii_ph1,0.02,0.0,0.94,0.94,,WzyA,True
ecloacae_o21_qhr93310.1,0.0,0.0,0.92,0.92,,WzyB,True
proteus_o50_axy99813.1,0.01,0.0,0.92,0.93,,WzyA,True
ecoli_o142_agn91838.1,0.0,0.0,0.93,0.93,,WzyB,True
abaumannii_kl37,0.0,0.0,0.93,0.93,,WzyA,True
abaumannii_kl231,0.0,0.0,0.93,0.93,,WzyB,True
abaumannii_kl206,0.0,0.0,0.93,0.93,,WzyA,True
abaumannii_kl59,0.0,0.0,0.93,0.93,,WzyA,True
spneumoniae_7b_cai32889.1,0.01,0.0,0.91,0.91,,WzyC,True
spneumoniae_6a_cai32823.1,0.01,0.0,0.92,0.92,,WzyB,True
shigella_d4_acd36984.1,0.0,0.0,0.92,0.92,,WzyC,True
proteus_o34_axy99682.1,0.0,0.0,0.92,0.92,,WzyA,True
ecoli_o120_baq01584.1,0.03,0.0,0.9,0.92,,WzyA,True
spneumoniae_19b_cai33652.1,0.0,0.0,0.9,0.9,,WzyC,True
klebsiella_kl66_09,0.0,0.0,0.87,0.87,,WzyC,True
klebsiella_kl56_13,0.0,0.0,0.92,0.92,,WzyA,True
ipr045979_duf5935_seed_a0a0q4kqw8,0.03,0.0,0.9,0.92,,HMM Seed,True
spneumoniae_45_cai34587.1,0.0,0.0,0.92,0.92,,WzyA,True
abaumannii_kl50,0.03,0.0,0.91,0.92,,WzyC,True
klebsiella_kl36_12,0.05,0.0,0.9,0.92,,WzyA,True
spneumoniae_24b_1_cai33915.1,0.02,0.0,0.91,0.91,,WzyC,True
spneumoniae_41f_cai34498.1,0.0,0.0,0.88,0.88,,WzyC,True
ecoli_o153_baq01759.1,0.01,0.0,0.89,0.89,,WzyC,True
abaumannii_kl238,0.01,0.0,0.93,0.93,,WzyA,True
ecloacae_o20_qhr93298.1,0.0,0.0,0.9,0.9,,WzyA,True
ecoli_ogn4_bav90441.1,0.04,0.0,0.84,0.86,,WzyC,True
abaumannii_kl184,0.0,0.0,0.91,0.91,,WzyB,True
spneumoniae_7f_cai32935.1,0.04,0.0,0.89,0.91,,WzyC,True
paeruginosa_o5_aag06542.1,0.02,0.0,0.9,0.91,,WzyB,True
ecoli_o68_ait92164.1,0.03,0.0,0.81,0.82,,WzyB,True
abaumannii_kl159,0.02,0.0,0.91,0.92,,WzyA,True
proteus_o12_axy99432.1,0.0,0.0,0.92,0.92,,WzyA,True
abaumannii_kl137,0.03,0.0,0.91,0.93,,WzyB,True
ecloacae_o13_qhr93215.1,0.0,0.0,0.93,0.93,,WzyA,True
shigella_b16_abd19779.1,0.0,0.0,0.88,0.88,,WzyC,True
abaumannii_kl100,0.0,0.0,0.91,0.91,,WzyA,True
abaumannii_kl89,0.0,0.0,0.93,0.93,,WzyA,True
klebsiella_kl150_08,0.0,0.0,0.92,0.92,,WzyC,True
proteus_o3a_3c_adl32282.1,0.0,0.0,0.93,0.93,,WzyA,True
klebsiella_kl40_13,0.01,0.0,0.92,0.92,,WzyB,True
proteus_o61_axy99974.1,0.0,0.0,0.88,0.88,,WzyC,True
proteus_o51_axy99835.1,0.03,0.0,0.86,0.88,,WzyA,True
ecoli_o166_adc54957.1,0.0,0.0,0.9,0.9,,WzyA,True
klebsiella_kl80_bat24408.1,0.03,0.0,0.89,0.91,,WzyC,True
abaumannii_kl54,0.0,0.0,0.91,0.91,,WzyA,True
abaumannii_kl63,0.0,0.0,0.92,0.92,,WzyB,True
ecoli_o179_aig62759.1,0.0,0.0,0.91,0.91,,WzyC,True
salmonella_o56_adi77005.1,0.0,0.0,0.87,0.87,,WzyB,True
ecoli_ogn14_bav90498.1,0.0,0.0,0.93,0.93,,WzyA,True
klebsiella_kl179_08,0.03,0.0,0.9,0.92,,WzyA,True
ecoli_o17_baq02105.1,0.04,0.0,0.89,0.91,,WzyB,True
klebsiella_kl27_11,0.0,0.0,0.92,0.92,,WzyA,True
abaumannii_kl180,0.01,0.0,0.92,0.93,,WzyC,True
abaumannii_kl104,0.0,0.0,0.92,0.92,,WzyC,True
ecoli_o131_aig62402.1,0.03,0.0,0.91,0.93,,WzyA,True
ecoli_o26_aan60459.1,0.03,0.0,0.91,0.92,,WzyA,True
ecoli_o84_aje24489.1,0.0,0.0,0.93,0.93,,WzyA,True
ecoli_o167_acd37046.1,0.0,0.0,0.89,0.89,,WzyC,True
abaumannii_kl133,0.0,0.0,0.92,0.92,,WzyC,True
ecoli_ogn2_bav90417.1,0.0,0.0,0.92,0.92,,WzyA,True
ecoli_o40_acd37117.1,0.02,0.0,0.84,0.85,,WzyC,True
salmonella_o65_afw04684.1,0.0,0.0,0.93,0.93,,WzyA,True
klebsiella_kl39_08,0.02,0.0,0.93,0.94,,WzyA,True
salmonella_o45_afw04716.1,0.0,0.0,0.91,0.91,,WzyC,True
abaumannii_kl36,0.03,0.0,0.91,0.92,,WzyA,True
shigella_d3_acd37105.1,0.0,0.0,0.92,0.92,,WzyA,True
abaumannii_kl230,0.0,0.0,0.92,0.92,,WzyC,True
ecoli_o139_aig62435.1,0.0,0.0,0.9,0.9,,WzyB,True
abaumannii_kl207,0.0,0.0,0.89,0.89,,WzyB,True
arnt_waal_q1ldt6,0.05,0.0,0.92,0.95,,ligases,True
ecoli_o112ab_acd37086.1,0.0,0.0,0.91,0.91,,WzyA,True
spneumoniae_19c_cai33675.1,0.0,0.0,0.9,0.9,,WzyC,True
ypseudotuberculosis_o1c_adi59429.1,0.0,0.0,0.92,0.92,,WzyC,True
abaumannii_kl58,0.0,0.0,0.94,0.94,,WzyA,True
ecoli_o105_aca24829.1,0.0,0.0,0.93,0.93,,WzyA,True
proteus_o28_axz00116.1,0.0,0.0,0.92,0.92,,WzyC,True
abaumannii_kl85,0.03,0.0,0.92,0.93,,WzyA,True
klebsiella_kl3_14,0.0,0.0,0.92,0.92,,WzyC,True
spneumoniae_15a_cai33343.1,0.0,0.0,0.93,0.93,,WzyC,True
klebsiella_kl139_07,0.03,0.0,0.9,0.91,,WzyA,True
ecloacae_o18_qhr93279.1,0.0,0.0,0.91,0.91,,WzyB,True
ipr010691_wzye_seed_q329x2,0.06,0.0,0.91,0.94,,HMM Seed,True
abaumannii_kl108,0.0,0.0,0.93,0.93,,WzyC,True
klebsiella_kl123_09,0.0,0.0,0.91,0.91,,WzyA,True
salmonella_e_caa43077.1,0.02,0.0,0.87,0.88,,WzyB,True
klebsiella_kl24_09,0.02,0.0,0.91,0.92,,WzyC,True
abaumannii_kl166,0.05,0.0,0.86,0.88,,WzyA,True
abaumannii_kl151,0.0,0.0,0.92,0.92,,WzyC,True
klebsiella_kl17_07,0.02,0.0,0.92,0.93,,WzyC,True
ecoli_o18_adc54950.1,0.0,0.0,0.92,0.92,,WzyB,True
ecoli_o49_baq00994.1,0.03,0.0,0.9,0.91,,WzyC,True
ecoli_ogn15_bav90511.1,0.02,0.0,0.88,0.88,,WzyB,True
ecoli_o41_baq00893.1,0.04,0.0,0.84,0.86,,WzyA,True
ecoli_o158_adn43871.1,0.0,0.0,0.83,0.83,,WzyC,True
klebsiella_kl162_11,0.0,0.0,0.91,0.91,,WzyB,True
abaumannii_kl203,0.05,0.0,0.87,0.9,,WzyB,True
ecoli_o54_baq02116.1,0.0,0.0,0.93,0.93,,WzyA,True
abaumannii_kl234,0.02,0.0,0.88,0.89,,WzyA,True
ecoli_o90_baq01361.1,0.0,0.0,0.89,0.89,,WzyB,True
ecoli_o151_adj19203.1,0.01,0.0,0.89,0.9,,Missing,True
abaumannii_kl32,0.0,0.0,0.91,0.91,,WzyA,True
spneumoniae_11e_adn28010.1,0.0,0.0,0.92,0.92,,WzyC,True
ecoli_o37_aig62499.1,0.0,0.0,0.92,0.92,,WzyC,True
ecoli_o107_ach97132.1,0.02,0.0,0.88,0.89,,WzyB,True
ecoli_o74_baq01207.1,0.06,0.0,0.81,0.84,,WzyC,True
ecoli_o176_aig62743.1,0.02,0.0,0.92,0.93,,WzyB,True
abaumannii_kl81,0.0,0.0,0.94,0.94,,WzyA,True
abaumannii_ph4,0.0,0.0,0.93,0.93,,Missing,True
abaumannii_pilo_wp_000914629.1,0.0,0.0,0.95,0.95,,ligases,True
abaumannii_kl155,0.0,0.0,0.91,0.91,,WzyC,True
abaumannii_kl162,0.0,0.0,0.91,0.91,,WzyA,True
klebsiella_kl105_13,0.0,0.0,0.92,0.92,,WzyC,True
ecoli_o21_ach97162.1,0.0,0.0,0.93,0.93,,WzyA,True
ecoli_o22_abi34562.1,0.02,0.0,0.86,0.87,,WzyC,True
abaumannii_kl188,0.06,0.0,0.9,0.93,,WzyC,True
klebsiella_kl106_07,0.0,0.0,0.9,0.9,,WzyC,True
klebsiella_kl185_12,0.0,0.0,0.91,0.91,,WzyA,True
spneumoniae_17f_cai33515.1,0.01,0.0,0.94,0.95,,WzyC,True
ecoli_o178_aig62747.1,0.02,0.0,0.89,0.9,,WzyC,True
ecoli_ox18_aig62370.1,0.0,0.0,0.88,0.88,,WzyC,True
abaumannii_kl196,0.04,0.0,0.91,0.93,,WzyA,True
ecoli_o102_afs33314.1,0.0,0.0,0.92,0.92,,WzyC,True
spneumoniae_24c_24x_up74135.1,0.02,0.0,0.91,0.91,,WzyC,True
salmonella_b2_acf92750.1,0.01,0.0,0.89,0.9,,WzyB,True
ecoli_o126_abe98419.1,0.04,0.0,0.87,0.89,,WzyA,True
ecoli_o44_wp_000549530.1,0.04,0.0,0.89,0.91,,WzyB,True
ecoli_waal_r5_np_418079.1,0.03,0.0,0.92,0.94,,ligases,True
abaumannii_kl112,0.0,0.0,0.91,0.91,,WzyA,True
abaumannii_kl125,0.0,0.0,0.91,0.91,,WzyB,True
klebsiella_kl104_12,0.0,0.0,0.86,0.86,,WzyC,True
salmonella_d3_ags07346.1,0.01,0.0,0.9,0.9,,WzyB,True
klebsiella_kl167_07,0.0,0.0,0.9,0.9,,WzyC,True
spneumoniae_43_cai34544.1,0.0,0.0,0.94,0.94,,WzyC,True
proteus_o41_axy99743.1,0.01,0.0,0.92,0.93,,WzyA,True
klebsiella_kl60_07,0.01,0.0,0.92,0.92,,WzyA,True
paeruginosa_o2_prophage_abm21469.1,0.01,0.0,0.88,0.88,,WzyC,True
salmonella_o41_acj26814.1,0.0,0.0,0.94,0.94,,WzyB,True
citrobacter_o23_awu66675.1,0.02,0.0,0.91,0.92,,WzyB,True
klebsiella_kl8_07,0.01,0.0,0.9,0.91,,WzyA,True
klebsiella_kl23_10,0.0,0.0,0.89,0.89,,WzyA,True
proteus_o65_axz00003.1,0.02,0.0,0.89,0.9,,WzyC,True
klebsiella_kl64_10,0.04,0.0,0.89,0.91,,WzyC,True
ecloacae_o8_qhr93146.1,0.0,0.0,0.85,0.85,,WzyC,True
abaumannii_kl42,0.0,0.0,0.94,0.94,,WzyA,True
spneumoniae_17a_cai33491.1,0.0,0.0,0.93,0.93,,WzyC,True
abaumannii_kl75,0.0,0.0,0.92,0.92,,WzyB,True
salmonella_o40_afw04706.1,0.04,0.0,0.9,0.92,,WzyB,True
salmonella_o52_afw04790.1,0.04,0.0,0.83,0.85,,WzyB,True
klebsiella_kl165_08,0.0,0.0,0.93,0.93,,WzyA,True
abaumannii_kl192,0.0,0.0,0.92,0.92,,WzyB,True
proteus_o75_axz00101.1,0.0,0.0,0.94,0.94,,WzyA,True
klebsiella_kl136_07,0.03,0.0,0.9,0.92,,WzyA,True
spneumoniae_11f_cai33207.1,0.0,0.0,0.92,0.92,,WzyC,True
ecoli_o38_ajr19362.1,0.04,0.0,0.88,0.9,,WzyA,True
ecoli_o147_abi98986.1,0.02,0.0,0.92,0.93,,WzyC,True
spneumoniae_15f_cai33412.1,0.0,0.0,0.93,0.93,,WzyC,True
abaumannii_kl178,0.0,0.0,0.93,0.93,,WzyA,True
klebsiella_kl171_07,0.0,0.0,0.9,0.9,,WzyC,True
ecoli_o77_aay23739.1,0.04,0.0,0.89,0.9,,WzyB,True
salmonella_o51_afw04888.1,0.0,0.0,0.91,0.91,,WzyA,True
shigella_b18_aay23339.1,0.01,0.0,0.82,0.82,,WzyB,True
spneumoniae_1_cai32705.1,0.04,0.0,0.89,0.91,,WzyB,True
klebsiella_kl25_08,0.0,0.0,0.89,0.89,,WzyC,True
abaumannii_kl121,0.0,0.0,0.91,0.91,,WzyA,True
abaumannii_kl116,0.0,0.0,0.94,0.94,,WzyA,True
klebsiella_kl15_12,0.0,0.0,0.92,0.92,,WzyA,True
klebsiella_kl135_13,0.0,0.0,0.92,0.92,,WzyA,True
paeruginosa_o1_aam27546.1,0.07,0.0,0.86,0.9,,WzyB,True
shigella_d8_aca24776.1,0.04,0.0,0.88,0.9,,WzyA,True
paeurginosa_o9_aam27879.1,0.0,0.0,0.92,0.92,,Missing,True
ecoli_o156_aig62555.1,0.03,0.0,0.91,0.93,,WzyC,True
spneumoniae_15c_cai33389.1,0.01,0.0,0.91,0.91,,WzyC,True
proteus_o5_axy99352.1,0.0,0.0,0.84,0.84,,WzyC,True
spneumoniae_31_cai34099.1,0.0,0.0,0.89,0.89,,WzyC,True
klebsiella_kl34_xan29115.1,0.06,0.0,0.88,0.91,,WzyA,True
abaumannii_kl71,0.03,0.0,0.9,0.92,,WzyA,True
spneumoniae_18a_cai33537.1,0.02,0.0,0.93,0.94,,WzyC,True
abaumannii_kl240,0.0,0.0,0.92,0.92,,WzyC,True
abaumannii_kl46,0.0,0.0,0.91,0.91,,WzyA,True
abaumannii_kl219,0.02,0.0,0.91,0.92,,WzyB,True
abaumannii_kl28,0.0,0.0,0.94,0.94,,WzyA,True
klebsiella_kl55_11,0.04,0.0,0.89,0.91,,WzyC,True
abaumannii_kl143,0.03,0.0,0.93,0.94,,WzyA,True
klebsiella_kl141_11,0.02,0.0,0.89,0.9,,WzyC,True
ecoli_eca_pay77806.1,0.06,0.0,0.91,0.94,,WzyB,True
abaumannii_kl174,0.01,0.0,0.93,0.94,,WzyC,True
ecloacae_o15_qhr93244.1,0.0,0.0,0.91,0.91,,WzyA,True
proteus_o71_axz00047.1,0.0,0.0,0.91,0.91,,WzyA,True
ecoli_o132_aig62486.1,0.0,0.0,0.85,0.85,,WzyC,True
klebsiella_kl68_12,0.02,0.0,0.87,0.89,,WzyC,True
ecloacae_o6_qhr93127.1,0.01,0.0,0.93,0.94,,WzyC,True
klebsiella_kl101_12,0.0,0.0,0.91,0.91,,WzyA,True
salmonella_o48_afw04668.1,0.0,0.0,0.91,0.91,,WzyC,True
klebsiella_kl182_07,0.02,0.0,0.9,0.91,,WzyC,True
klebsiella_kl48_10,0.0,0.0,0.92,0.92,,WzyA,True
klebsiella_kl116_09,0.04,0.0,0.87,0.89,,WzyA,True
abaumannii_kl13,0.0,0.0,0.86,0.86,,WzyB,True
klebsiella_kl65_07,0.03,0.0,0.9,0.91,,WzyA,True
spneumoniae_7c_cai32910.1,0.01,0.0,0.91,0.91,,WzyC,True
abaumannii_kl215,0.0,0.0,0.92,0.92,,WzyC,True
ecoli_o85_aig62657.1,0.0,0.0,0.89,0.89,,WzyC,True
abaumannii_kl24,0.05,0.0,0.92,0.94,,Missing,True
abaumannii_kl222,0.0,0.0,0.92,0.92,,WzyB,True
abaumannii_kl7,0.0,0.0,0.94,0.94,,WzyA,True
spneumoniae_35d_aqs23546.1,0.05,0.0,0.92,0.94,,WzyC,True
salmonella_o18_abl63451.1,0.02,0.0,0.91,0.92,,WzyB,True
klebsiella_kl22_07,0.0,0.0,0.9,0.9,,WzyC,True
klebsiella_kl9_10,0.02,0.0,0.46,0.47,,WzyB,True
spneumoniae_18c_cai33585.1,0.02,0.0,0.92,0.93,,WzyC,True
abaumannii_kl67-2,0.0,0.0,0.92,0.92,,WzyC,True
klebsiella_kl41_12,0.0,0.0,0.9,0.9,,WzyB,True
ecoli_o121_afc91472.1,0.02,0.0,0.88,0.89,,WzyB,True
vibrio_cholerae_waal_aal76926.1,0.0,0.0,0.94,0.94,,ligases,True
abaumannii_kl97,0.0,0.0,0.86,0.86,,WzyB,True
ecoli_ogn12_bau71625.1,0.0,0.0,0.93,0.93,,WzyA,True
ecoli_o171_aig56920.2,0.02,0.0,0.89,0.9,,WzyC,True
proteus_o16_axy99476.1,0.0,0.0,0.93,0.93,,WzyB,True
ipr046303_duf6418_seed_a0a2s2fhd5,0.02,0.0,0.91,0.92,,HMM Seed,True
ecoli_o175_aig56909.1,0.0,0.0,0.89,0.89,,WzyC,True
abaumannii_kl129,0.03,0.0,0.9,0.92,,WzyA,True
abaumannii_kl170,0.0,0.0,0.94,0.94,,WzyA,True
ecloacae_o3_qhr93084.1,0.05,0.0,0.92,0.95,,WzyC,True
klebsiella_kl157_11,0.01,0.0,0.9,0.91,,WzyC,True
proteus_o33_axy99670.1,0.0,0.0,0.89,0.89,,WzyC,True
abaumannii_kl147,0.03,0.0,0.92,0.93,,WzyB,True
ecoli_o125ab_akm71200.1,0.01,0.0,0.89,0.89,,WzyB,True
klebsiella_kl30_10,0.05,0.0,0.81,0.83,,WzyC,True
spneumoniae_32a_cai34124.1,0.0,0.0,0.92,0.92,,WzyC,True
ecoli_o83_aig62838.1,0.01,0.0,0.87,0.88,,WzyC,True
proteus_o60_axz00132.1,0.01,0.0,0.91,0.91,,WzyC,True
spneumoniae_21_cai33745.1,0.0,0.0,0.92,0.92,,WzyC,True
ecoli_o177_aay28257.1,0.03,0.0,0.92,0.93,,WzyC,True
abaumannii_kl226,0.0,0.0,0.88,0.88,,WzyB,True
abaumannii_kl20,0.0,0.0,0.93,0.93,,WzyC,True
klebsiella_kl174_07,0.0,0.0,0.92,0.92,,WzyC,True
abaumannii_kl211,0.0,0.0,0.93,0.93,,WzyA,True
proteus_o45_axy99788.1,0.01,0.0,0.9,0.91,,WzyA,True
abaumannii_kl17,0.0,0.0,0.91,0.91,,WzyB,True
klebsiella_kl1_09,0.0,0.0,0.87,0.87,,WzyC,True
paeurginosa_o10_aam27560.1,0.0,0.0,0.93,0.93,,Missing,True
abaumannii_kl79,0.02,0.0,0.93,0.94,,WzyA,True
klebsiella_kl20_08,0.0,0.0,0.92,0.92,,WzyC,True
proteus_o20_axy99542.1,0.0,0.0,0.91,0.91,,WzyC,True
ecoli_o69_aig62798.1,0.0,0.0,0.92,0.92,,WzyA,True
abaumannii_kl93,0.0,0.0,0.94,0.94,,WzyA,True
ecoli_o80_baq01238.1,0.02,0.0,0.86,0.88,,WzyC,True
klebsiella_kl147_09,0.0,0.0,0.92,0.92,,WzyC,True
salmonella_o61_afw04757.1,0.03,0.0,0.9,0.91,,WzyB,True
klebsiella_kl133_07,0.0,0.0,0.92,0.92,,WzyC,True
ecoli_o104_aak64372.1,0.03,0.0,0.9,0.92,,WzyA,True
ecloacae_o10_qhr93177.1,0.02,0.0,0.91,0.92,,WzyB,True
abaumannii_kl3,0.02,0.0,0.91,0.92,,WzyA,True
